ID,First_Name,Last_Name,Age,Gender,Salary,Department,Joining_Date,Has_Health_Insurance,Work_Hours,Performance_Rating
ID_1,Bob,Contreras,56,Female,57133.72376417215,Marketing,2022-11-06,True,6,5
ID_2,Andrew,Liu,46,Female,52623.59749001642,HR,2022-04-09,False,7,2
ID_3,Angela,Hamilton,32,Female,95461.10006636348,HR,2022-09-03,True,6,3
ID_4,Tiffany,Morton,60,Male,55432.580046035684,Finance,2022-07-28,False,8,3
ID_5,Tristan,Foster,25,Male,57320.15360641955,IT,2022-05-15,True,7,1
ID_6,Shannon,Austin,38,Male,37426.42457290364,HR,2022-12-09,True,7,3
ID_7,Carrie,Watson,56,Female,76931.26656977565,Marketing,2022-02-03,True,7,3
ID_8,Timothy,Mccall,36,Male,50218.759013425944,IT,2022-10-21,False,6,2
ID_9,Melissa,Goodwin,40,Male,70992.2917487655,IT,2022-12-16,False,6,1
ID_10,Janet,Wu,28,Female,71394.61928372466,HR,2022-05-10,False,8,2
ID_11,Jeffery,Hobbs,28,Female,80343.9786917037,Marketing,2022-12-15,True,8,2
ID_12,Felicia,Gutierrez,41,Female,82166.90403207089,IT,2022-07-13,False,9,4
ID_13,Juan,White,53,Male,66011.67040810776,HR,2022-08-08,True,6,1
ID_14,Kevin,Gaines,57,Male,53169.43633223821,HR,2022-01-17,False,8,2
ID_15,Andrea,Tran,41,Female,88621.56263843138,HR,2022-03-01,False,7,5
ID_16,Jennifer,Hicks,20,Male,51690.59545859393,Marketing,2022-01-26,True,7,3
ID_17,Michelle,Roberts,39,Male,65525.6366128532,HR,2022-08-16,False,7,1
ID_18,Luis,Caldwell,19,Male,58087.68082426096,Marketing,2022-01-25,True,8,4
ID_19,Jessica,Lopez,41,Female,89855.48701787816,HR,2022-02-25,False,7,2
ID_20,Margaret,Osborne,61,Female,60234.297180208014,Finance,2022-07-25,True,7,5
ID_21,Nicole,Green,47,Male,57026.9432186239,HR,2022-03-01,True,6,3
ID_22,Sara,Thompson,55,Male,78287.65850283462,IT,2022-01-27,True,6,3
ID_23,Joseph,Brooks,19,Female,72170.87769030099,HR,2022-10-06,True,8,5
ID_24,Francisco,Graham,38,Female,37507.27834470922,Marketing,2022-07-25,True,6,1
ID_25,Kelly,Weiss,50,Male,65571.81644407743,HR,2022-06-05,False,9,3
ID_26,Jennifer,Black,29,Male,81483.48718332734,Finance,2022-02-18,False,8,3
ID_27,Stephen,Curtis,39,Female,99445.23352139494,Finance,2022-08-17,True,9,3
ID_28,Jill,Lopez,61,Male,74040.27837792234,Marketing,2022-08-27,True,9,2
ID_29,Laurie,Davidson,42,Male,55920.51465089225,Marketing,2022-10-27,True,8,2
ID_30,Katherine,Bryant,44,Male,45830.61198614829,Finance,2022-07-07,False,6,3
ID_31,Suzanne,Brown,59,Female,91098.11639073242,Marketing,2022-05-19,True,6,4
ID_32,Peter,Graham,45,Male,87019.56484794519,Finance,2022-07-23,False,8,3
ID_33,Maria,Price,33,Female,46374.59745455694,IT,2022-07-16,True,9,1
ID_34,Ruben,James,32,Female,44044.24631026014,HR,2022-12-15,False,8,4
ID_35,Melissa,Castillo,64,Female,80059.57437678229,Marketing,2022-11-02,False,8,1
ID_36,Judy,Stevens,61,Female,52046.64433431316,HR,2022-03-19,True,7,5
ID_37,Jeremy,Reynolds,20,Male,51447.915885337046,IT,2022-04-28,False,7,5
ID_38,Cassandra,Best,54,Female,40660.31729473587,Finance,2022-09-26,True,9,2
ID_39,Robert,Silva,24,Male,48478.28637968809,Marketing,2022-01-15,False,6,2
ID_40,Amanda,Lambert,38,Female,59925.52903148547,IT,2022-12-07,False,7,2
ID_41,Tina,Lopez,26,Female,81298.68360906909,IT,2022-07-11,False,7,5
ID_42,Kelly,Walls,56,Male,53541.56660896249,Finance,2022-04-11,True,9,1
ID_43,Jaime,Wood,35,Male,53002.30376358899,HR,2022-01-03,True,8,4
ID_44,Jason,Williams,21,Male,49943.92767867051,HR,2022-05-28,True,7,2
ID_45,Paula,Holland,42,Female,63479.85672577301,Marketing,2022-02-23,True,6,5
ID_46,Lisa,Miller,31,Male,42644.568855892074,Finance,2022-10-26,True,9,2
ID_47,April,Juarez,26,Female,63994.15138224879,Marketing,2022-07-28,True,7,3
ID_48,Jennifer,Palmer,43,Female,79292.2889336283,Finance,2022-10-05,False,9,4
ID_49,Olivia,Roberts,19,Female,32085.33528228355,Finance,2022-12-10,True,7,1
ID_50,Beverly,Foster,37,Male,30684.55662140333,IT,2022-06-17,True,7,2
ID_51,Linda,Jones,45,Female,35258.603710815645,Marketing,2022-04-20,False,9,3
ID_52,Natalie,Avila,64,Male,67496.20432096784,HR,2022-11-08,False,6,3
ID_53,John,Mayo,24,Male,89811.85582297825,HR,2022-02-17,False,6,4
ID_54,Tiffany,Odom,61,Male,30341.912621417636,Marketing,2022-07-06,False,8,5
ID_55,Matthew,Bailey,25,Female,95566.29132092767,IT,2022-05-28,False,7,5
ID_56,Victoria,Lane,64,Male,37439.49580993751,Marketing,2022-08-11,True,8,2
ID_57,Kristen,Powell,52,Male,88938.84696407584,IT,2022-02-18,False,9,2
ID_58,Mark,Fowler,31,Male,63799.83354880627,Marketing,2022-09-17,False,8,5
ID_59,Tammy,Mendoza,34,Female,76155.01710951907,IT,2022-06-13,True,9,1
ID_60,Kristin,Vasquez,53,Female,65747.80891130277,HR,2022-03-21,True,6,1
ID_61,Ashley,Malone,57,Male,63393.375762554824,IT,2022-08-07,False,9,3
ID_62,Stephanie,Lopez,21,Female,88442.9599855074,IT,2022-12-04,False,9,4
ID_63,David,Hernandez,19,Female,82912.04656974715,Finance,2022-08-27,True,8,1
ID_64,Wyatt,Macias,23,Female,63838.156556610295,HR,2022-11-26,True,7,2
ID_65,Jennifer,Sheppard,59,Female,37814.51505772431,HR,2022-11-14,True,8,1
ID_66,Russell,Henry,21,Female,38078.20715200857,HR,2022-02-07,False,6,4
ID_67,Alexis,Harper,46,Female,86107.76225033528,HR,2022-05-16,True,6,2
ID_68,James,Lopez,35,Female,67057.34349432733,Marketing,2022-11-22,False,6,4
ID_69,Donna,Sanchez,43,Female,63711.23981535538,IT,2022-03-16,True,7,5
ID_70,Alyssa,White,61,Female,77639.67889525005,HR,2022-11-10,False,8,4
ID_71,Christina,Logan,51,Male,90118.91083899821,HR,2022-07-23,True,9,4
ID_72,Maria,Blair,27,Female,74021.12010893135,IT,2022-02-16,True,9,4
ID_73,Carmen,Johnson,53,Female,83399.35316425352,Finance,2022-01-10,False,7,2
ID_74,Cassandra,Morales,31,Female,83568.93668818698,IT,2022-02-12,True,6,4
ID_75,Joann,Miles,48,Female,54938.301415507136,HR,2022-08-27,True,7,4
ID_76,Miranda,Marquez,32,Male,49185.8236948697,IT,2022-10-03,False,9,3
ID_77,Keith,Silva,25,Female,86081.4847022611,Finance,2022-11-20,True,6,2
ID_78,Edward,Rogers,31,Male,56402.51542489705,HR,2022-08-03,False,7,4
ID_79,Cindy,Griffith,40,Female,93233.52045658937,Marketing,2022-06-02,True,9,1
ID_80,Daniel,Nelson,57,Male,34878.34877110837,Finance,2022-03-17,True,9,4
ID_81,Heather,Moore,38,Female,34075.22584527377,Finance,2022-09-04,True,7,1
ID_82,April,Willis,33,Female,94890.29120709858,Marketing,2022-06-23,False,9,5
ID_83,Nicole,Christian,62,Female,75391.84399270045,HR,2022-02-24,True,8,5
ID_84,Jeffrey,Boyd,35,Female,56571.95495138326,IT,2022-12-09,False,8,2
ID_85,Paula,Yang,64,Male,82854.2290371328,HR,2022-10-11,False,6,2
ID_86,Gail,Booth,41,Male,77062.87669955488,HR,2022-02-21,True,8,5
ID_87,Stephanie,Johnston,43,Male,67184.07327737173,Marketing,2022-02-27,False,8,2
ID_88,James,Herrera,42,Female,36921.1339863856,IT,2022-05-07,False,7,1
ID_89,Christopher,Smith,62,Female,86852.5711104926,IT,2022-06-04,True,6,1
ID_90,Shari,Garcia,58,Male,90621.62334764373,Marketing,2022-02-23,False,7,3
ID_91,George,Morales,46,Female,42051.80819868544,Finance,2022-12-10,False,7,2
ID_92,Jessica,Koch,32,Male,89535.81563839468,Marketing,2022-09-01,True,8,2
ID_93,Christopher,Smith,62,Male,91449.3117711595,HR,2022-03-23,False,8,3
ID_94,Colleen,Williams,18,Male,68460.00286019612,Marketing,2022-09-21,True,9,4
ID_95,Kevin,Lamb,42,Male,75932.53253558809,IT,2022-07-15,True,9,1
ID_96,Katie,Benitez,24,Male,56756.6124010144,IT,2022-10-07,False,6,4
ID_97,Jason,Paul,26,Female,49725.41532564862,Finance,2022-04-21,False,8,3
ID_98,Adrienne,Garcia,41,Female,80538.82028661514,IT,2022-02-08,False,9,2
ID_99,Lauren,Hernandez,18,Male,90331.26043110658,Marketing,2022-12-15,False,7,4
ID_100,Bryan,Wilcox,61,Female,75785.42870690233,Marketing,2022-01-02,True,8,2
ID_101,Mathew,Williams,25,Female,65811.34274525844,Marketing,2022-12-03,False,6,3
ID_102,Benjamin,Love,41,Female,41124.73367909201,IT,2022-07-06,False,6,5
ID_103,Spencer,Miller,28,Female,33742.109882337274,Marketing,2022-07-27,False,7,2
ID_104,Emily,Anderson,34,Male,61198.42531727225,HR,2022-05-04,False,9,4
ID_105,Marilyn,Jackson,25,Male,33454.46945881949,Finance,2022-07-03,False,7,4
ID_106,Luis,Zimmerman,52,Male,69853.42423350576,Finance,2022-10-23,True,9,3
ID_107,Anne,Marshall,52,Male,56791.043392243984,Finance,2022-02-12,True,8,4
ID_108,Matthew,Lopez,50,Male,83003.23837773787,HR,2022-12-24,False,6,1
ID_109,James,Mayo,22,Female,51395.39477853284,Finance,2022-12-22,True,9,2
ID_110,Kenneth,Hampton,59,Male,71508.78906772024,Marketing,2022-12-19,True,7,1
ID_111,Suzanne,Thompson,56,Male,67637.84652285703,Marketing,2022-03-21,True,8,3
ID_112,Olivia,Allen,58,Female,30329.869786556883,HR,2022-03-06,False,9,1
ID_113,Ruben,Kirby,45,Female,35067.257878501725,HR,2022-02-24,True,8,1
ID_114,Tonya,Wu,24,Female,50325.77487402144,Marketing,2022-11-28,True,8,2
ID_115,Travis,Wise,26,Female,91756.45567145356,HR,2022-11-09,False,7,2
ID_116,Angela,Porter,25,Female,40291.0468429845,Marketing,2022-07-14,True,7,5
ID_117,Tammy,Gentry,29,Female,79762.60313223791,HR,2022-03-11,False,8,1
ID_118,Christine,Weaver,51,Male,98135.65963066011,HR,2022-10-20,False,8,2
ID_119,Jean,Mccoy,50,Female,85339.72868838086,IT,2022-12-26,True,9,1
ID_120,Robert,Scott,40,Female,47006.175318093075,HR,2022-02-25,False,7,1
ID_121,Jamie,Johnson,41,Female,93585.56822891571,IT,2022-05-28,False,9,3
ID_122,Samuel,Blankenship,54,Female,36517.500955587304,HR,2022-02-26,True,6,3
ID_123,Kara,Acosta,52,Female,62769.935930951506,IT,2022-06-07,False,9,1
ID_124,Brittany,Hill,61,Male,92127.93354084896,IT,2022-02-15,False,8,3
ID_125,Andrew,Stevens,57,Female,74888.59964798088,Marketing,2022-01-13,False,6,2
ID_126,Robert,Nelson,39,Male,58955.119530938915,Marketing,2022-07-01,True,9,1
ID_127,Susan,Aguirre,44,Male,50496.90067160182,IT,2022-03-20,True,6,3
ID_128,David,Johnson,52,Female,56256.9583722845,Finance,2022-02-07,True,7,2
ID_129,Anthony,Thompson,18,Male,65625.92467065004,IT,2022-05-17,True,9,1
ID_130,Matthew,Torres,52,Male,52333.075091096514,Marketing,2022-12-12,True,9,1
ID_131,Michael,Montgomery,54,Male,97827.75034576097,HR,2022-08-10,True,7,3
ID_132,Paul,Reed,64,Male,95315.43571463015,Marketing,2022-07-16,False,9,2
ID_133,Michelle,Schwartz,31,Female,90947.00277500245,HR,2022-04-18,False,6,1
ID_134,David,Walton,20,Female,59528.08848658574,Marketing,2022-07-11,False,7,1
ID_135,Jacob,Johnson,18,Male,78391.12385346602,IT,2022-02-06,True,6,5
ID_136,Jesus,Reed,22,Female,93198.05149251752,HR,2022-01-23,False,9,1
ID_137,Brett,Warren,43,Male,89530.06413752495,HR,2022-07-12,False,9,5
ID_138,Karen,Hansen,31,Male,59002.89098141454,Finance,2022-04-04,False,9,5
ID_139,Daniel,Cameron,56,Female,37867.02345255825,HR,2022-10-21,True,9,2
ID_140,Joseph,Knight,44,Female,35294.12546841846,Finance,2022-02-09,False,6,4
ID_141,Lauren,Brooks,26,Male,70394.48316579919,IT,2022-10-20,True,9,5
ID_142,Bryan,Bridges,32,Female,74983.95546476523,Marketing,2022-11-25,False,7,2
ID_143,Rodney,Payne,32,Female,89488.98232179169,IT,2022-03-25,False,7,3
ID_144,Nathan,Dominguez,43,Female,50476.05142387217,Marketing,2022-01-07,False,8,5
ID_145,James,Jackson,59,Male,41722.93433850297,HR,2022-04-07,True,7,4
ID_146,David,Walker,30,Female,56530.40832247396,IT,2022-10-15,True,8,3
ID_147,Dana,Melton,49,Female,54750.258654259254,Marketing,2022-06-04,True,7,5
ID_148,Brianna,Brown,56,Female,39272.82678124983,Finance,2022-04-24,True,7,5
ID_149,Diana,Atkins,49,Female,77059.78567592065,Finance,2022-07-04,False,9,4
ID_150,Hannah,Jacobs,21,Male,65608.43585105632,Finance,2022-11-22,True,7,1
ID_151,Crystal,Wilson,47,Female,80478.59292803364,IT,2022-06-17,False,9,4
ID_152,Kyle,Miller,54,Male,54688.37841188143,Marketing,2022-02-20,False,9,2
ID_153,Lindsey,Barnes,40,Female,52799.15481043916,Finance,2022-06-22,False,7,2
ID_154,Ashley,Allen,56,Female,63080.309713069895,HR,2022-01-08,True,6,4
ID_155,Kimberly,Walker,62,Female,91418.51417766028,HR,2022-02-21,True,9,4
ID_156,Shannon,Aguilar,32,Female,32819.691471378625,Finance,2022-04-05,False,7,4
ID_157,Sean,Brown,60,Male,86338.29721075305,HR,2022-05-15,False,6,4
ID_158,Eric,Brown,46,Female,55829.13288604295,HR,2022-10-08,True,7,4
ID_159,Carla,Miller,53,Female,89823.33180519345,Finance,2022-10-07,True,7,5
ID_160,Sarah,Brown,30,Female,86154.21061850995,Marketing,2022-12-25,False,6,3
ID_161,William,Vargas,49,Female,54413.287317726186,HR,2022-12-11,False,7,2
ID_162,Eric,Salazar,24,Male,78571.35747251312,Finance,2022-01-22,False,9,2
ID_163,Beth,Mitchell,39,Female,41174.29297414081,Finance,2022-06-18,False,8,3
ID_164,Amanda,Scott,45,Male,92739.70865146516,HR,2022-11-08,False,8,4
ID_165,Jonathan,Collier,19,Male,58314.37451163366,Marketing,2022-06-11,True,7,3
ID_166,Jeffrey,Howell,59,Female,61893.793074864014,Finance,2022-10-09,True,8,4
ID_167,Joseph,Davis,62,Male,79403.13357258894,IT,2022-10-05,False,8,2
ID_168,Jacob,Kennedy,23,Female,87458.81656933957,HR,2022-07-22,False,8,1
ID_169,Brandy,Murphy,45,Male,46543.99203297467,Marketing,2022-11-15,False,9,2
ID_170,Julia,Patel,45,Female,76294.50979138969,Finance,2022-05-22,False,9,2
ID_171,Martha,Richardson,61,Female,57439.86307224039,HR,2022-04-19,True,8,1
ID_172,Rebecca,Perez,61,Female,55809.2046802773,IT,2022-01-01,False,6,3
ID_173,Steven,French,37,Female,78301.80767584583,Finance,2022-06-14,True,6,5
ID_174,Sherry,Porter,47,Male,57102.82919091541,HR,2022-09-24,False,6,4
ID_175,Shelby,Simmons,28,Female,54227.595011508536,Finance,2022-12-18,True,9,4
ID_176,Carla,Martinez,45,Male,88512.18856883698,Finance,2022-09-08,False,9,2
ID_177,Keith,Clark,42,Female,37089.32866817045,Marketing,2022-12-09,False,9,1
ID_178,Kaitlyn,Walton,56,Female,77312.48359811475,HR,2022-04-25,False,9,2
ID_179,Stephanie,Little,50,Male,47410.77756534373,Marketing,2022-02-01,True,8,2
ID_180,Hannah,Roth,18,Male,31084.87692783332,IT,2022-09-10,True,9,3
ID_181,Tracey,Ellis,44,Female,41673.49882108844,Finance,2022-08-07,False,8,4
ID_182,Mary,Coleman,30,Male,72466.30708431074,HR,2022-08-12,False,6,5
ID_183,Natalie,Hicks,58,Male,79638.90340401561,Finance,2022-01-25,True,8,1
ID_184,Randy,Patterson,20,Female,31474.0448489424,IT,2022-12-16,False,6,5
ID_185,Randy,Kelly,56,Male,32549.781031120412,IT,2022-10-27,False,9,1
ID_186,Justin,Miller,23,Male,93177.94803900672,HR,2022-09-12,True,6,4
ID_187,Kenneth,Miller,25,Female,35131.407267960385,IT,2022-11-25,True,6,3
ID_188,Rachel,Garcia,44,Female,92592.75110315999,HR,2022-06-20,True,8,5
ID_189,Victoria,Erickson,26,Female,45971.6139625634,Marketing,2022-02-27,False,6,1
ID_190,Molly,Alvarez,54,Male,81801.2460110749,IT,2022-04-07,False,7,2
ID_191,Robert,Stone,50,Male,51681.32742622084,Marketing,2022-01-25,False,6,4
ID_192,Joseph,Stewart,59,Female,90112.64179264287,IT,2022-03-20,True,9,3
ID_193,Lori,Garcia,61,Male,79031.84057970505,Finance,2022-12-05,False,6,2
ID_194,Richard,Smith,41,Male,58126.94210211866,HR,2022-12-03,True,7,3
ID_195,Amanda,Cooper,32,Male,35341.17179218557,HR,2022-04-05,True,8,1
ID_196,Jocelyn,Edwards,49,Female,81289.0128709565,Finance,2022-12-01,False,6,2
ID_197,Ryan,Williams,49,Female,73181.9329175627,HR,2022-09-10,True,7,3
ID_198,Kristy,Willis,41,Male,30203.820248365213,HR,2022-10-13,False,9,4
ID_199,Morgan,Cisneros,58,Male,30659.389918071174,IT,2022-04-25,True,9,5
ID_200,Sarah,Rose,29,Male,86615.50812348857,HR,2022-04-14,False,8,5
ID_201,Steven,Higgins,56,Male,48157.98171612977,Finance,2022-01-28,True,9,2
ID_202,Shannon,Cruz,19,Female,74529.3567409646,Marketing,2022-05-13,False,7,4
ID_203,Amy,Smith,20,Female,61795.00938356732,IT,2022-09-03,False,6,4
ID_204,Manuel,Hill,54,Male,90440.10101652371,Marketing,2022-05-16,False,7,3
ID_205,Jessica,Miller,34,Female,94187.2779171742,HR,2022-03-28,False,8,2
ID_206,Corey,Park,19,Male,99776.53988751979,IT,2022-03-17,False,6,4
ID_207,Heather,Riley,19,Male,40757.88950650728,IT,2022-02-18,False,7,3
ID_208,Christina,Cox,45,Female,90407.48325328328,Marketing,2022-09-23,True,8,4
ID_209,Amy,Williams,40,Male,48621.496371016125,IT,2022-08-18,False,8,2
ID_210,Melissa,Cannon,54,Male,71357.11124268554,Marketing,2022-09-19,False,6,4
ID_211,Adam,Murray,49,Female,65404.09837084476,Marketing,2022-10-02,True,6,4
ID_212,Melissa,Best,50,Female,31259.169210067135,IT,2022-12-17,True,9,4
ID_213,James,Lane,18,Female,95293.98959342664,HR,2022-09-24,False,9,5
ID_214,James,Dawson,36,Female,35482.89386044529,Finance,2022-12-11,True,6,1
ID_215,Cameron,Brown,19,Male,78175.32435854152,Finance,2022-04-07,False,9,2
ID_216,Nicole,Zamora,61,Male,84950.47853457835,IT,2022-12-03,False,6,5
ID_217,Hector,Vazquez,43,Male,85670.1494333379,Marketing,2022-03-20,False,9,1
ID_218,Jeremy,Buckley,49,Male,39484.61632501913,HR,2022-02-14,True,7,4
ID_219,Andrea,Dawson,23,Male,61329.896535558044,IT,2022-10-20,True,8,4
ID_220,Lawrence,Bush,49,Male,88060.02093037858,IT,2022-10-19,True,6,5
ID_221,Richard,Marks,21,Male,51187.54472651283,Marketing,2022-08-11,False,6,3
ID_222,Christopher,Williams,28,Female,62742.407276226455,Finance,2022-02-11,False,6,2
ID_223,Daisy,Wells,34,Male,49095.5724889892,IT,2022-09-19,False,7,1
ID_224,Michael,Hughes,55,Female,62448.59925197269,Marketing,2022-04-10,True,8,4
ID_225,Justin,Hernandez,41,Female,92148.65458150161,IT,2022-10-03,False,9,2
ID_226,Thomas,Haas,22,Female,61858.69617229386,Finance,2022-03-24,False,9,4
ID_227,Nathan,Gonzalez,51,Male,68913.84119520243,IT,2022-08-06,False,8,4
ID_228,Laura,Case,23,Male,58278.33983121585,Finance,2022-04-01,False,9,4
ID_229,Tony,Dyer,39,Female,62208.20282423279,HR,2022-04-24,True,6,2
ID_230,Stephanie,Craig,28,Female,31062.19393324952,HR,2022-06-02,True,8,5
ID_231,Garrett,Morgan,33,Female,49862.18569723192,Marketing,2022-03-28,False,7,2
ID_232,Erin,Anderson,50,Female,60560.72052192771,Finance,2022-07-11,True,8,2
ID_233,Michael,Smith,26,Female,74365.78831949102,IT,2022-11-04,False,6,3
ID_234,Carrie,Bates,23,Female,61503.63513877245,Finance,2022-04-16,False,8,3
ID_235,Derek,Hardy,33,Female,53647.19303250949,HR,2022-05-24,True,7,5
ID_236,Angela,Carr,46,Female,57166.911474091,Finance,2022-07-25,False,7,3
ID_237,Ariana,Robinson,20,Male,46960.53304403266,Finance,2022-05-01,False,8,5
ID_238,John,Cruz,37,Male,94714.59979418371,HR,2022-04-22,True,8,4
ID_239,Gail,Brewer,53,Female,66522.02580536401,Marketing,2022-06-09,True,9,4
ID_240,Judy,Chang,36,Male,30938.661771048617,Marketing,2022-10-21,True,9,2
ID_241,David,Carter,43,Male,31361.238089368264,HR,2022-05-22,True,6,4
ID_242,Brian,Webb,20,Female,98107.31444664291,HR,2022-11-06,False,9,3
ID_243,Holly,Wallace,36,Male,45501.56239612715,HR,2022-03-06,False,6,1
ID_244,Adam,Mccann,37,Male,86392.58021700202,Marketing,2022-08-28,True,6,2
ID_245,Mark,Miller,49,Female,34079.27110924022,IT,2022-06-16,True,8,5
ID_246,Jacob,Koch,24,Male,94481.39156861843,HR,2022-12-16,True,9,4
ID_247,Adam,Sampson,58,Male,91209.1902566675,Finance,2022-11-21,False,7,2
ID_248,Jason,Reed,50,Male,69976.52137041603,Finance,2022-03-17,False,7,2
ID_249,Morgan,Reid,57,Female,30629.906009827904,IT,2022-05-06,False,8,2
ID_250,Jerry,Moore,56,Male,48046.76118163363,Finance,2022-06-22,False,7,4
ID_251,Erin,Mclaughlin,35,Female,58477.585317892546,Finance,2022-03-20,True,7,5
ID_252,Jessica,Kane,57,Male,62204.48817232932,Marketing,2022-03-02,True,8,2
ID_253,Jose,Aguilar,18,Male,50837.51309936604,HR,2022-08-07,True,7,2
ID_254,Dennis,Wang,28,Male,32306.350777187097,IT,2022-11-08,False,8,2
ID_255,Stephanie,Schmidt,45,Male,71308.91841485795,Marketing,2022-06-27,False,6,4
ID_256,Bethany,Miller,42,Male,66690.82673863292,Finance,2022-12-15,True,9,3
ID_257,Lisa,Williams,40,Male,49810.044480035445,Finance,2022-07-17,False,7,5
ID_258,Jesus,Beltran,48,Female,32658.317729872455,Marketing,2022-10-05,True,8,2
ID_259,Jeffrey,Anthony,47,Male,99621.59310553581,Finance,2022-04-10,False,7,2
ID_260,Sheila,Roberts,59,Female,63739.03307784841,IT,2022-03-18,True,9,2
ID_261,Steve,Johnson,52,Female,82920.2969241854,HR,2022-09-24,True,7,4
ID_262,Jonathan,Liu,24,Female,61661.98245359349,HR,2022-10-02,False,6,3
ID_263,Pamela,Hebert,33,Female,33021.9203604059,HR,2022-06-03,True,8,2
ID_264,Chris,Howell,43,Male,51672.052155985,IT,2022-03-05,False,9,2
ID_265,Christopher,Flores,19,Male,52407.709870413084,Finance,2022-07-07,False,6,4
ID_266,Mary,Williamson,18,Male,88684.70328343112,Finance,2022-11-10,True,7,5
ID_267,Robert,Jackson,29,Male,75796.0984599912,HR,2022-01-11,True,7,5
ID_268,Tiffany,Stanley,22,Male,49280.093254763095,HR,2022-07-07,True,7,3
ID_269,Brooke,Hopkins,54,Male,97741.79682613602,Finance,2022-06-06,False,9,5
ID_270,Cassandra,Shields,49,Male,52507.92826785099,IT,2022-02-19,True,8,2
ID_271,Anthony,Ho,26,Male,99876.38180801042,HR,2022-03-19,True,9,4
ID_272,Darin,Baxter,58,Male,99731.45852191842,IT,2022-02-25,False,6,2
ID_273,James,Jones,52,Male,43384.73624227193,HR,2022-06-02,True,8,2
ID_274,Victoria,Parks,36,Female,51891.87813318802,Marketing,2022-03-26,True,9,3
ID_275,Wesley,Smith,33,Male,64023.09389392579,Marketing,2022-06-20,False,7,5
ID_276,William,Perez,20,Male,76487.04698035237,Finance,2022-07-22,True,6,5
ID_277,Christina,Blankenship,37,Male,66963.32143026595,IT,2022-06-28,False,7,5
ID_278,Veronica,Romero,41,Female,97860.90283925798,IT,2022-03-11,False,9,2
ID_279,Christian,Rivera,50,Male,80679.2414964984,Finance,2022-08-25,True,6,4
ID_280,Ian,Joseph,41,Female,44843.13945680821,Marketing,2022-06-18,True,8,4
ID_281,Johnny,James,28,Male,37356.82851495468,HR,2022-01-19,True,8,2
ID_282,Linda,Foster,25,Female,78188.09034965497,Finance,2022-03-24,True,9,1
ID_283,Laura,Ramos,53,Female,41091.67081265341,IT,2022-05-17,True,9,2
ID_284,Gabrielle,Yang,55,Female,85137.37882350279,Finance,2022-11-04,False,8,5
ID_285,Scott,Hicks,57,Male,51772.56670822359,IT,2022-07-05,True,8,2
ID_286,Sarah,Brown,37,Male,52882.528413892454,Marketing,2022-10-16,False,9,1
ID_287,David,Smith,52,Male,30755.88746726584,Marketing,2022-06-14,False,8,2
ID_288,Caitlin,Johnson,42,Male,79070.78869665285,Marketing,2022-10-20,True,6,5
ID_289,Jonathan,Miranda,52,Male,37928.88271452801,IT,2022-02-25,False,9,3
ID_290,Traci,Martinez,42,Female,84101.64042244627,Finance,2022-02-18,False,6,4
ID_291,Sean,Rivera,46,Male,64430.74753420448,Marketing,2022-12-18,False,7,1
ID_292,Randy,Gonzales,35,Female,84899.58704681984,Finance,2022-01-13,True,6,3
ID_293,Teresa,Perry,63,Male,70874.85774384189,IT,2022-12-12,True,9,4
ID_294,Brandi,Owen,35,Male,35770.32904132935,HR,2022-03-22,True,7,3
ID_295,Shawn,Allen,19,Male,83595.6635693628,Finance,2022-07-01,False,8,2
ID_296,Jay,Trujillo,52,Male,34885.96394263248,Finance,2022-05-21,True,6,2
ID_297,Crystal,Rhodes,33,Female,63509.12043985326,Finance,2022-01-04,False,6,4
ID_298,Thomas,Bowman,58,Female,42064.44499014743,Marketing,2022-10-01,False,9,4
ID_299,Mark,Thomas,53,Male,82663.46245845195,HR,2022-01-12,False,8,2
ID_300,Kelli,Johnson,50,Male,93811.38594642887,IT,2022-07-23,False,9,2
ID_301,Mary,Reed,21,Male,68788.83143507919,Finance,2022-03-23,False,8,4
ID_302,Joshua,Harrell,50,Female,66900.31060094264,Finance,2022-03-18,True,9,4
ID_303,William,Stephenson,31,Male,83477.42374279325,IT,2022-10-04,False,8,4
ID_304,Christopher,Wheeler,38,Female,30355.516908300906,IT,2022-10-03,True,7,5
ID_305,Tyler,Burns,37,Female,94243.10498446124,IT,2022-12-23,False,9,5
ID_306,James,Mccormick,25,Male,43821.41719637922,HR,2022-12-12,True,7,2
ID_307,Curtis,Miller,24,Male,98888.32186783661,IT,2022-01-06,True,9,5
ID_308,Cynthia,James,20,Female,81537.77635723236,HR,2022-02-08,False,9,1
ID_309,Lisa,Miller,34,Male,84197.58033904698,Marketing,2022-05-03,True,9,2
ID_310,Leslie,Price,50,Female,75934.20862615245,HR,2022-10-07,True,6,1
ID_311,Matthew,Gomez,29,Female,63016.42279496122,Finance,2022-11-15,False,9,3
ID_312,Jason,Ross,39,Female,70013.93853528157,HR,2022-02-05,False,8,1
ID_313,Teresa,Casey,39,Male,33248.202021058794,HR,2022-11-08,True,6,3
ID_314,Denise,Smith,63,Female,73677.16566024101,IT,2022-11-17,True,8,1
ID_315,Melissa,Mooney,47,Male,73826.86713909327,IT,2022-01-19,False,8,3
ID_316,Paul,Farrell,55,Male,92384.05581812665,IT,2022-03-13,False,8,3
ID_317,Yvonne,Walker,55,Female,65395.94502011536,IT,2022-07-22,True,8,2
ID_318,Denise,Boyd,62,Male,35400.10618602427,Finance,2022-07-04,True,8,4
ID_319,Jessica,Reed,25,Male,51433.714433745685,Finance,2022-11-18,True,7,4
ID_320,Tracy,Roy,44,Female,75894.05884800223,Marketing,2022-02-10,True,6,2
ID_321,Jonathan,Vega,44,Male,46748.120392602475,Finance,2022-01-13,False,8,3
ID_322,Kevin,Taylor,51,Male,49636.94752987806,IT,2022-09-14,True,7,4
ID_323,Jacqueline,Evans,38,Female,87432.83114525974,HR,2022-07-10,True,7,4
ID_324,Laura,Reed,47,Female,70902.38122338963,Finance,2022-03-02,False,8,1
ID_325,Stephanie,Cummings,50,Female,65596.92022415008,IT,2022-03-07,False,9,5
ID_326,Edward,Hoffman,45,Male,52291.6376764063,Finance,2022-05-28,True,8,2
ID_327,Anna,May,64,Female,81164.96251531233,HR,2022-03-25,True,7,5
ID_328,Jonathan,Bishop,50,Female,50140.29041430206,Marketing,2022-02-23,False,8,3
ID_329,Andrew,Weber,22,Female,81594.44623509227,IT,2022-10-22,True,7,1
ID_330,Kenneth,Christian,36,Female,34907.10361872094,Finance,2022-06-14,True,8,4
ID_331,Katherine,Herring,21,Female,90517.89391074586,Marketing,2022-07-22,True,7,1
ID_332,Reginald,Gutierrez,52,Male,64969.65243631529,Marketing,2022-02-11,True,8,2
ID_333,Jason,Wolfe,34,Male,60695.5611689279,Finance,2022-05-03,False,9,3
ID_334,Jimmy,White,61,Female,72771.63880793471,Marketing,2022-09-08,True,9,1
ID_335,Bryan,Khan,45,Male,73693.44510273893,Marketing,2022-10-11,False,7,1
ID_336,Miguel,Rodriguez,47,Female,39242.46238229969,HR,2022-02-01,True,9,1
ID_337,Patrick,Underwood,46,Female,82936.35128713492,IT,2022-04-04,False,9,4
ID_338,Jesse,Rivera,63,Female,49314.98085650441,Marketing,2022-12-10,False,6,3
ID_339,Andrea,Rivera,23,Male,93347.33161189398,Finance,2022-11-18,True,8,4
ID_340,Danny,Wilson,52,Female,87249.54643903827,IT,2022-07-15,True,8,1
ID_341,Sabrina,Byrd,58,Male,54238.62290743239,HR,2022-03-07,True,9,4
ID_342,Laura,Smith,54,Male,86541.75052405,Marketing,2022-07-17,True,9,4
ID_343,Deborah,Love,41,Female,54947.33495099329,IT,2022-06-20,True,7,2
ID_344,Anthony,Hoffman,46,Male,37066.337714522844,Finance,2022-11-24,True,8,5
ID_345,Christina,Vance,63,Female,97332.17671079955,Finance,2022-08-03,True,6,5
ID_346,Theodore,Valenzuela,48,Male,75682.1410650808,HR,2022-04-15,False,6,2
ID_347,David,Rivers,52,Female,61926.96686638142,Finance,2022-01-10,True,9,2
ID_348,Mike,Cooke,50,Female,57844.134607172775,Finance,2022-02-07,True,7,4
ID_349,Ricky,Brown,38,Female,52729.373398078475,IT,2022-11-28,True,7,4
ID_350,Phyllis,Sawyer,49,Female,98701.33168003905,HR,2022-07-13,True,8,3
ID_351,Brian,Russell,40,Male,39432.30855916352,IT,2022-09-10,False,9,5
ID_352,Wendy,Howard,50,Male,52036.35412443978,Finance,2022-09-09,True,9,4
ID_353,Diana,Shepherd,20,Female,63984.83481978645,HR,2022-06-24,True,7,3
ID_354,Gary,Mitchell,35,Female,63459.9681538018,Finance,2022-09-12,True,6,5
ID_355,Jennifer,Powell,42,Male,62995.653908549044,Finance,2022-07-20,True,6,3
ID_356,Gregory,Hernandez,59,Male,42304.867108126724,Marketing,2022-04-22,False,8,3
ID_357,Danny,Glover,48,Male,40145.27689766504,Finance,2022-11-20,False,9,2
ID_358,Amber,Black,20,Male,47833.731043003405,HR,2022-11-07,False,9,1
ID_359,Christian,Jackson,57,Female,94016.83076614392,Finance,2022-08-08,True,6,1
ID_360,Michael,Watson,63,Male,37913.707748415705,Marketing,2022-08-02,False,9,1
ID_361,Timothy,Petersen,41,Male,83019.75723613273,IT,2022-10-18,False,9,3
ID_362,Jeffrey,Smith,49,Female,83028.38751933599,HR,2022-02-18,True,7,4
ID_363,James,Nelson,64,Female,86683.92827280836,Finance,2022-04-05,True,8,1
ID_364,Samantha,Morris,39,Male,92063.08422925489,Marketing,2022-04-05,False,8,4
ID_365,Christina,Turner,40,Female,48412.53242772512,HR,2022-04-23,False,8,5
ID_366,Craig,Sexton,19,Male,45719.16284882274,IT,2022-10-17,False,7,1
ID_367,Jennifer,Williams,44,Male,62585.39665692358,Marketing,2022-01-18,True,8,3
ID_368,Adrian,Wilson,59,Male,48556.24181264253,Marketing,2022-01-28,False,8,2
ID_369,John,Lopez,19,Male,81401.69922881752,Marketing,2022-10-12,True,6,3
ID_370,Tracy,Cook,43,Male,74515.77037190035,IT,2022-12-10,True,6,4
ID_371,Christopher,Brown,34,Male,91249.1381636856,HR,2022-11-03,True,8,5
ID_372,Danny,Cooper,57,Female,35791.68124409501,HR,2022-06-10,True,7,3
ID_373,Gabriel,Hart,50,Female,94055.83333506522,Finance,2022-11-06,False,7,2
ID_374,Chelsea,Jones,26,Female,50534.40386690627,Finance,2022-01-06,False,7,2
ID_375,Nicole,Reid,60,Female,64348.60421488888,HR,2022-05-07,False,9,5
ID_376,Hannah,Small,56,Male,60702.80051577506,Marketing,2022-06-12,False,9,1
ID_377,Craig,Jefferson,46,Male,83221.81557730967,Finance,2022-12-07,False,7,3
ID_378,Bryan,Odonnell,59,Female,59423.33166022898,IT,2022-02-28,False,6,3
ID_379,Kenneth,Strickland,43,Male,96048.72019545866,Finance,2022-01-23,False,9,2
ID_380,Natalie,Evans,52,Male,93177.37178470028,Finance,2022-09-18,False,7,4
ID_381,Matthew,Reilly,42,Male,91051.28063786545,Finance,2022-12-07,False,9,3
ID_382,David,Mcdaniel,41,Male,34988.08328537595,Finance,2022-03-22,False,9,2
ID_383,Jennifer,Brown,30,Female,89798.06430877576,Marketing,2022-03-10,False,9,4
ID_384,Louis,Fischer,24,Male,84714.48118102473,Marketing,2022-11-27,False,9,1
ID_385,Marilyn,Wilson,53,Female,37245.90629042917,HR,2022-11-05,True,7,1
ID_386,Lisa,Reeves,62,Female,37519.002780535535,Marketing,2022-02-08,False,9,2
ID_387,Nicole,Allen,37,Female,37081.46680622788,Marketing,2022-08-23,True,8,2
ID_388,Michael,Grimes,18,Male,30793.281524314127,HR,2022-06-01,False,7,1
ID_389,John,Collins,25,Male,68404.40136362085,HR,2022-08-01,True,7,2
ID_390,Jeffery,Michael,63,Male,98137.60040052304,Finance,2022-08-11,True,7,5
ID_391,Jeffrey,Snyder,33,Male,60707.92920298555,HR,2022-02-24,True,9,3
ID_392,Cathy,Walker,31,Male,67853.02513211494,Marketing,2022-10-12,True,7,5
ID_393,James,Mayer,29,Male,97757.8857738969,Marketing,2022-04-23,True,6,4
ID_394,Brian,Jones,40,Male,47862.756014196144,IT,2022-05-16,False,8,2
ID_395,Corey,Wilson,32,Male,90092.9176818784,IT,2022-08-12,False,6,2
ID_396,Jason,Dixon,45,Male,68247.33270482153,Finance,2022-06-05,False,8,4
ID_397,Andrew,Ferguson,51,Male,69863.35602641075,Marketing,2022-01-19,True,8,3
ID_398,Ann,Stokes,19,Male,54022.17000450985,Finance,2022-10-25,True,9,1
ID_399,Richard,West,49,Male,69310.90526768357,IT,2022-09-21,True,8,5
ID_400,Corey,Wilson,40,Male,35119.975663479876,HR,2022-03-06,False,8,3
ID_401,Bryan,Duran,39,Male,83525.05008298784,Marketing,2022-05-17,True,6,1
ID_402,Christopher,Rodriguez,42,Female,49928.14330809902,Finance,2022-02-12,False,8,1
ID_403,Nancy,Franklin,39,Male,92132.58306457684,Marketing,2022-05-09,False,7,2
ID_404,Brian,Smith,39,Male,55749.548622522096,HR,2022-12-20,False,7,4
ID_405,Carolyn,Tate,59,Male,39997.68773408178,IT,2022-09-03,False,8,2
ID_406,Scott,Williams,23,Male,78711.71020579395,Marketing,2022-01-22,True,7,4
ID_407,Meghan,Hart,32,Female,41520.4701299452,HR,2022-10-14,True,9,2
ID_408,Casey,Henry,60,Female,82757.63608800933,HR,2022-07-04,True,7,5
ID_409,Joseph,Black,54,Female,97767.85654842816,Finance,2022-10-05,False,9,2
ID_410,Steven,Cervantes,50,Female,84568.70081566833,Finance,2022-04-16,False,8,5
ID_411,Martin,Townsend,25,Female,31571.447390192727,Marketing,2022-03-17,True,9,3
ID_412,Andrea,Kelly,61,Female,71992.00516369424,IT,2022-06-26,False,9,3
ID_413,Karen,Richardson,61,Female,78678.7469678807,Marketing,2022-05-16,True,8,2
ID_414,Daniel,Fernandez,22,Female,87782.08280573996,HR,2022-11-17,True,8,3
ID_415,Thomas,Barrett,56,Female,33920.16162573001,Finance,2022-05-06,True,9,1
ID_416,Richard,Carey,21,Female,63607.54795666005,IT,2022-10-21,False,6,5
ID_417,Laura,Valentine,23,Male,67475.9610846876,Marketing,2022-01-21,False,8,4
ID_418,Timothy,Gonzalez,62,Male,41838.74038509246,HR,2022-10-17,True,8,5
ID_419,Carmen,Pugh,49,Male,52571.486679745474,Marketing,2022-11-03,False,6,2
ID_420,Barbara,Robinson,47,Female,60815.52083793156,IT,2022-12-02,False,7,3
ID_421,Jessica,Campbell,64,Female,88324.6781570461,HR,2022-01-04,True,6,3
ID_422,Jamie,Fernandez,52,Male,95058.52962491449,Marketing,2022-02-05,True,7,1
ID_423,Elizabeth,Evans,57,Male,73989.5980242371,Marketing,2022-10-01,True,6,3
ID_424,Richard,Phillips,33,Male,57646.16302150235,HR,2022-12-26,False,9,2
ID_425,Dustin,Gardner,30,Female,47782.171245929014,IT,2022-01-27,True,8,2
ID_426,Matthew,Wilson,59,Male,98749.46291053054,IT,2022-10-04,True,6,4
ID_427,Ryan,Garner,47,Male,98811.39986534508,Marketing,2022-07-14,False,8,5
ID_428,Karen,Valentine,36,Female,94748.38637645243,IT,2022-02-02,False,7,5
ID_429,Denise,Shaw,34,Female,84996.84049144734,HR,2022-01-21,False,9,5
ID_430,John,Mcknight,36,Male,52804.56806219328,Finance,2022-06-16,False,8,4
ID_431,Joel,Henderson,45,Female,87190.03384483414,Finance,2022-06-18,True,6,4
ID_432,Russell,Gomez,43,Female,58615.511208982076,IT,2022-12-28,True,6,4
ID_433,Nicole,Boyd,54,Female,52874.11687085316,Finance,2022-07-22,False,9,1
ID_434,Brian,Parker,43,Female,82140.57509263957,Marketing,2022-08-06,False,7,4
ID_435,Andrew,Johnson,40,Female,35575.7749334296,HR,2022-09-10,True,9,3
ID_436,Ryan,Garcia,26,Male,33399.39063069632,HR,2022-02-07,True,9,1
ID_437,Kara,Smith,29,Female,61356.75880268299,HR,2022-05-17,False,8,3
ID_438,Crystal,Benson,18,Female,61194.71605755133,HR,2022-03-20,False,7,5
ID_439,Ralph,Logan,18,Female,92695.09071446845,IT,2022-12-02,False,9,2
ID_440,Anthony,Smith,64,Female,38830.716740147174,IT,2022-07-17,False,8,5
ID_441,Brad,Robinson,51,Male,38629.874921668896,Finance,2022-03-12,False,8,4
ID_442,John,Vaughan,49,Female,40321.68203324308,HR,2022-09-27,False,7,2
ID_443,Samantha,Reeves,42,Female,32081.538290622182,Marketing,2022-02-21,False,7,5
ID_444,Caitlyn,Lee,57,Female,35021.22164704359,Finance,2022-04-28,True,8,1
ID_445,Maria,Bean,62,Female,76190.89067803274,HR,2022-03-21,True,7,4
ID_446,Amber,Berger,18,Female,60210.903038225646,HR,2022-06-17,False,8,5
ID_447,Angela,Torres,33,Male,83452.21469616095,Marketing,2022-02-17,True,7,2
ID_448,Christopher,Lee,56,Female,99481.84030071621,HR,2022-03-08,True,7,3
ID_449,Kimberly,Torres,22,Female,76132.42767693009,Marketing,2022-08-20,True,7,5
ID_450,Rhonda,Friedman,39,Female,33531.88994340866,Marketing,2022-06-12,False,6,1
ID_451,Emma,Snyder,46,Male,37319.400532803906,HR,2022-09-23,False,7,2
ID_452,Darren,Whitaker,20,Male,91670.28593702955,IT,2022-02-27,False,6,5
ID_453,David,Cook,29,Female,66924.71611907831,Finance,2022-02-19,False,8,3
ID_454,Christopher,House,43,Male,87738.6011577018,IT,2022-08-10,True,9,4
ID_455,Natasha,Garcia,33,Female,89962.86353574482,HR,2022-09-03,False,9,4
ID_456,Jeremiah,Mitchell,54,Female,94937.21790496635,Finance,2022-09-28,False,9,4
ID_457,Gerald,Fowler,39,Female,96488.0443840456,Finance,2022-12-26,True,8,2
ID_458,Dawn,Li,46,Female,68837.80575523144,Marketing,2022-12-08,False,7,3
ID_459,Thomas,Conway,31,Male,53871.41205792237,HR,2022-05-11,True,6,3
ID_460,Katherine,Alvarado,45,Female,97330.5412043599,IT,2022-10-03,True,8,5
ID_461,Clifford,Reed,22,Female,68318.44842008577,IT,2022-11-23,False,9,4
ID_462,Cynthia,James,64,Female,34497.69060682277,HR,2022-09-12,True,9,2
ID_463,Julia,Owens,47,Female,74994.35850419055,IT,2022-06-19,True,9,4
ID_464,Patrick,Diaz,63,Male,71137.93252765076,Marketing,2022-05-23,True,9,4
ID_465,Christina,Carter,22,Female,92705.50110262941,IT,2022-08-14,True,6,5
ID_466,Juan,Diaz,29,Male,75723.10324104688,Marketing,2022-12-04,True,9,5
ID_467,Jesse,Singleton,33,Male,54433.6697123086,Marketing,2022-02-10,False,6,5
ID_468,Andrew,Barton,43,Male,97635.80079940743,Finance,2022-02-12,True,9,1
ID_469,Brandon,Paul,43,Male,86113.36401874234,IT,2022-03-08,False,8,1
ID_470,Brittany,Berger,38,Female,74129.2332866948,Finance,2022-01-14,True,6,2
ID_471,Gary,Gonzalez,56,Female,50504.7642382186,HR,2022-07-06,False,6,2
ID_472,Kelly,Davis,53,Female,56147.82074200069,Marketing,2022-02-09,False,8,5
ID_473,Cynthia,Parker,50,Female,76897.89468676597,HR,2022-12-05,True,9,3
ID_474,Mary,Watkins,47,Male,35038.65729243252,IT,2022-02-19,True,9,2
ID_475,Donald,Thompson,54,Female,47967.64141551845,IT,2022-07-07,True,7,1
ID_476,Sandra,Robinson,40,Male,79973.06533776186,Finance,2022-10-17,False,7,1
ID_477,Shawn,Gray,27,Male,63601.295689123464,IT,2022-10-14,True,6,4
ID_478,Jonathan,Chang,22,Male,58167.54953701011,Marketing,2022-11-11,False,7,5
ID_479,Tonya,Smith,53,Male,40602.033568029015,IT,2022-12-20,False,8,3
ID_480,Veronica,English,51,Female,60929.43241344128,IT,2022-06-08,False,8,5
ID_481,Kristen,Chavez,48,Female,83948.43795321637,Finance,2022-03-19,False,8,1
ID_482,Anthony,Sullivan,27,Male,48480.89922503251,Marketing,2022-08-24,False,6,3
ID_483,Andrew,Carter,36,Female,30377.89795285742,Marketing,2022-08-17,True,8,2
ID_484,Kim,Wood,49,Female,76795.3430805688,Finance,2022-08-24,False,6,4
ID_485,Robert,Smith,18,Male,98083.86231027868,Marketing,2022-02-12,False,6,1
ID_486,Eric,Steele,22,Male,72477.85945120081,IT,2022-09-23,False,8,4
ID_487,Dawn,Scott,62,Male,38394.53012489911,Finance,2022-08-16,True,8,5
ID_488,Holly,Palmer,21,Male,52451.316464127114,HR,2022-02-16,False,6,3
ID_489,Steven,Williams,33,Male,90734.91303041563,IT,2022-04-23,True,8,5
ID_490,Michele,Thomas,41,Male,46279.765197978,Marketing,2022-06-07,False,7,4
ID_491,Julia,Lee,33,Female,72538.71324483256,HR,2022-01-24,True,6,1
ID_492,Adam,Mueller,19,Female,58186.98457777985,IT,2022-07-20,False,9,4
ID_493,Justin,Oconnell,45,Female,44549.06049937543,HR,2022-01-08,False,6,1
ID_494,Barbara,Strong,49,Male,86938.48254952757,Finance,2022-10-23,False,8,4
ID_495,Danielle,Peters,44,Male,81998.18935259832,HR,2022-08-10,False,8,5
ID_496,Daniel,Johnson,37,Female,76311.37461714857,Finance,2022-01-21,False,6,4
ID_497,Leslie,Hernandez,41,Female,46543.561318812586,Finance,2022-09-21,False,6,2
ID_498,Teresa,Romero,29,Male,36849.990190151504,Finance,2022-10-28,True,9,5
ID_499,Kathleen,Meyer,52,Female,70331.15308781763,Marketing,2022-03-25,False,9,4
ID_500,Patty,Greer,50,Female,68757.44834776034,Marketing,2022-09-20,True,6,4
ID_501,Deborah,Sparks,50,Male,43186.95065344111,IT,2022-04-27,False,8,3
ID_502,Erik,Kemp,60,Female,33937.268602062075,Marketing,2022-08-07,True,6,5
ID_503,Patricia,Hoover,54,Female,35649.59179357902,IT,2022-11-21,False,7,3
ID_504,Jessica,Hughes,29,Male,99493.96905589136,HR,2022-06-15,False,7,5
ID_505,Sheryl,Griffin,20,Female,84850.87263200186,Finance,2022-03-14,True,8,1
ID_506,Jacob,Gonzalez,18,Male,94539.12331756207,IT,2022-06-24,False,6,5
ID_507,Ricky,Meyer,50,Male,43653.830556545436,IT,2022-10-14,True,6,5
ID_508,Chase,Wallace,57,Female,97239.79754264046,Finance,2022-11-25,True,7,4
ID_509,Jennifer,Jones,27,Male,39985.804603121345,HR,2022-03-08,True,6,2
ID_510,Nicholas,Clements,60,Female,65635.72799965297,Finance,2022-12-03,False,8,5
ID_511,Monica,Webb,61,Female,88078.69790919448,IT,2022-02-21,False,8,3
ID_512,Matthew,Mosley,46,Female,54486.23481581056,Marketing,2022-04-21,True,9,2
ID_513,Debra,Thompson,30,Female,59737.99732238303,Finance,2022-06-15,True,8,5
ID_514,Jessica,Patel,29,Male,38972.95772093685,HR,2022-03-01,False,6,2
ID_515,Kelly,Stewart,48,Male,38604.531599928094,Marketing,2022-04-22,True,6,1
ID_516,Rebecca,Fox,63,Male,73369.77573450617,Finance,2022-02-18,False,7,2
ID_517,Gregory,Aguilar,19,Female,77287.26580340398,HR,2022-01-09,True,7,1
ID_518,Katelyn,Sims,52,Male,84413.27598575353,Marketing,2022-03-02,False,8,2
ID_519,Richard,Smith,40,Female,68967.74368772274,HR,2022-04-16,False,9,2
ID_520,Melissa,Maldonado,34,Female,75203.1504582914,IT,2022-06-01,True,6,3
ID_521,Matthew,Vasquez,43,Male,30946.209018980404,Finance,2022-09-25,True,9,3
ID_522,James,Shaw,25,Female,41351.950899603165,IT,2022-08-06,False,6,4
ID_523,Matthew,Cantrell,46,Female,98944.03362118332,IT,2022-04-18,False,8,2
ID_524,Kimberly,Kirk,43,Male,35319.545442108225,HR,2022-08-23,True,8,1
ID_525,Allen,Lee,27,Male,77515.17555821715,Marketing,2022-12-04,True,7,2
ID_526,Elijah,Wallace,43,Female,42325.78431222014,Finance,2022-03-15,True,9,5
ID_527,Peter,Thompson,51,Female,80170.30100373493,IT,2022-06-01,False,7,1
ID_528,Jacqueline,Parker,58,Male,79419.32820733954,Marketing,2022-02-23,True,8,5
ID_529,James,Mora,24,Male,46393.93418516631,HR,2022-11-03,True,9,4
ID_530,Sandra,Ryan,21,Female,48874.4079453443,Finance,2022-01-18,False,6,5
ID_531,Arthur,Coleman,62,Male,75833.94995214618,Finance,2022-10-26,False,7,4
ID_532,Stacey,Little,28,Female,57306.022714614955,HR,2022-09-07,False,8,4
ID_533,Roy,Pratt,46,Female,43618.35787899379,IT,2022-07-14,True,6,4
ID_534,Mary,Miller,53,Male,81217.57191512373,Finance,2022-10-24,False,8,5
ID_535,Scott,Little,42,Male,40790.32670354339,IT,2022-12-12,False,6,4
ID_536,Michael,Barker,38,Male,89895.05649014626,Finance,2022-08-16,False,7,4
ID_537,Tamara,Johnson,53,Male,66026.86668362793,HR,2022-09-02,False,6,3
ID_538,Natasha,Kramer,27,Female,37399.04227155105,IT,2022-08-24,True,9,2
ID_539,Jeffrey,Peterson,54,Male,78585.0633471689,Finance,2022-05-05,False,6,4
ID_540,Natalie,Ross,26,Male,66341.41277021784,HR,2022-04-21,False,8,1
ID_541,Ashley,Adams,41,Male,50864.03002563666,Finance,2022-02-18,True,6,1
ID_542,Bonnie,Jones,52,Male,59577.75661566984,Marketing,2022-05-11,True,7,3
ID_543,David,Parker,52,Female,50883.642051124916,HR,2022-03-17,False,8,5
ID_544,Nicole,Anderson,53,Male,48411.80850199488,Finance,2022-09-18,True,8,5
ID_545,Susan,Johnson,35,Female,41452.589459059855,Marketing,2022-12-14,True,8,5
ID_546,Tiffany,Mills,56,Female,55393.69931962331,Finance,2022-10-18,False,8,4
ID_547,Tiffany,Hernandez,49,Female,47569.10444212495,Finance,2022-04-02,False,9,5
ID_548,Brandon,Chavez,41,Female,77840.41409377419,IT,2022-07-15,False,8,5
ID_549,Julia,Baxter,40,Male,77871.37188143143,IT,2022-12-10,False,8,2
ID_550,Shelly,Roberts,49,Male,65128.81697889469,Finance,2022-01-11,True,8,4
ID_551,Stephanie,Cross,54,Female,84456.11692292248,Marketing,2022-02-27,False,7,4
ID_552,Juan,Miles,29,Male,88893.78033042338,Finance,2022-05-18,False,7,1
ID_553,Alice,Mendoza,30,Female,70583.65202039911,Marketing,2022-09-04,True,8,1
ID_554,Lee,Hill,40,Female,73325.46139344036,HR,2022-09-27,False,9,2
ID_555,Trevor,Cox,42,Female,49802.01368504556,Marketing,2022-12-17,False,6,3
ID_556,Barbara,Lara,52,Female,92640.84404938639,Marketing,2022-01-17,True,9,4
ID_557,Robert,West,58,Female,31694.42310957709,Finance,2022-04-25,False,8,1
ID_558,Christine,Harris,47,Male,54402.1728609992,IT,2022-08-23,True,8,5
ID_559,George,Lawson,34,Male,80526.02950848991,Finance,2022-01-19,True,9,4
ID_560,Denise,Weaver,37,Male,35606.26567698129,HR,2022-09-15,True,8,4
ID_561,Carolyn,Caldwell,42,Female,42821.866919980486,HR,2022-09-05,False,6,4
ID_562,Alicia,Case,39,Male,71250.00095039958,Finance,2022-12-13,True,7,1
ID_563,William,Dyer,30,Female,69199.55700244906,HR,2022-06-11,True,6,2
ID_564,Walter,Garcia,36,Male,81724.98072916685,HR,2022-06-26,False,6,1
ID_565,Sarah,Wright,53,Female,86882.88473617203,IT,2022-04-17,False,6,5
ID_566,Jeffrey,Mccarthy,29,Male,39000.570495816835,Marketing,2022-05-17,True,9,5
ID_567,Nancy,Goodman,58,Male,31286.669284266944,Marketing,2022-01-27,False,9,3
ID_568,Nicholas,Crane,36,Female,78274.69637612344,Finance,2022-05-05,False,6,1
ID_569,Danielle,Dixon,29,Female,51097.425703645145,IT,2022-07-16,True,9,1
ID_570,Vanessa,Guerra,26,Female,73818.87397425676,IT,2022-02-06,False,8,3
ID_571,Laurie,Ford,24,Female,40538.12116435573,Finance,2022-02-13,True,7,3
ID_572,James,Bowers,45,Male,62832.803266617404,HR,2022-10-21,False,9,4
ID_573,Alicia,Barry,31,Female,65309.73222444058,HR,2022-04-11,False,9,4
ID_574,Kathryn,Simpson,48,Female,70955.44714612512,IT,2022-10-21,True,6,5
ID_575,Elizabeth,Whitney,36,Male,65921.9011431395,Marketing,2022-02-08,False,7,2
ID_576,Stephanie,Sanders,64,Female,64698.353916009975,Marketing,2022-08-22,False,8,5
ID_577,Lisa,Acevedo,33,Male,53291.390778869885,Marketing,2022-03-20,False,8,1
ID_578,Eric,Peterson,22,Male,34982.616542266034,Marketing,2022-01-16,False,7,2
ID_579,Nicholas,Ross,52,Female,36266.413775778965,Marketing,2022-09-10,True,8,4
ID_580,Frank,Burton,29,Male,60364.47920850076,Finance,2022-05-14,False,7,3
ID_581,Anna,Johnson,42,Male,54905.518947469514,HR,2022-08-19,True,6,3
ID_582,Aaron,Lozano,38,Male,66129.43632721485,Marketing,2022-04-20,False,8,5
ID_583,Richard,Browning,53,Male,51338.67184793869,Marketing,2022-08-15,False,8,1
ID_584,Cesar,Stewart,40,Female,78153.70640187271,IT,2022-12-09,False,7,1
ID_585,David,Phillips,33,Male,90476.83754066574,Marketing,2022-03-23,True,8,3
ID_586,Robert,Buckley,56,Female,50920.42321508074,HR,2022-09-18,True,9,5
ID_587,David,Christensen,62,Male,43508.880555732,HR,2022-04-19,True,6,5
ID_588,Keith,Cordova,59,Female,38132.64019778624,Finance,2022-08-04,True,8,4
ID_589,Anthony,Arnold,56,Male,73137.78283995687,Marketing,2022-09-01,True,8,4
ID_590,Jacqueline,Thomas,31,Male,61069.91937983986,HR,2022-01-20,True,8,4
ID_591,Michael,Lee,48,Female,43161.10020374023,HR,2022-03-03,True,7,2
ID_592,David,Marquez,22,Female,75719.57133042987,IT,2022-10-12,True,6,5
ID_593,Courtney,Hughes,52,Male,40393.82281036991,Finance,2022-02-14,True,6,5
ID_594,Christine,Barnett,40,Female,68801.04940935668,IT,2022-10-10,True,8,4
ID_595,Jessica,Dunlap,46,Female,66900.38671376853,Finance,2022-02-24,True,8,3
ID_596,Danny,Garcia,60,Male,81395.94608302583,IT,2022-01-15,False,7,4
ID_597,Erin,Wright,28,Male,33857.67479584667,Finance,2022-08-26,True,6,2
ID_598,Ruben,Douglas,35,Female,92151.10522959311,IT,2022-03-18,True,9,3
ID_599,Brittany,Smith,64,Female,79209.42083027736,Finance,2022-09-16,False,8,5
ID_600,William,Edwards,29,Male,45128.81988441336,Finance,2022-05-15,False,9,2
ID_601,Jeanette,Haynes,26,Male,42838.37440268177,Finance,2022-05-13,False,9,2
ID_602,Amber,Johnson,27,Male,60216.21499006484,Marketing,2022-06-20,True,6,3
ID_603,Sarah,Townsend,61,Male,87229.57306812178,HR,2022-07-16,True,9,4
ID_604,Gabriel,Anderson,34,Male,89006.4995197375,HR,2022-07-27,False,8,4
ID_605,Heather,Freeman,55,Male,66431.92644975681,Finance,2022-09-22,False,8,1
ID_606,Leah,Beck,24,Male,90256.76038807162,Finance,2022-01-09,True,7,3
ID_607,Melissa,Baker,63,Female,30381.05964341834,Marketing,2022-12-13,True,6,4
ID_608,Molly,Smith,30,Female,32462.224207211762,HR,2022-10-09,False,6,2
ID_609,Curtis,Morrison,57,Male,93827.511554572,Finance,2022-05-07,False,9,4
ID_610,Colin,Brown,59,Male,84273.23509201413,Finance,2022-01-04,False,8,4
ID_611,Matthew,Mcfarland,26,Male,61549.424077527,Finance,2022-12-26,False,8,2
ID_612,Lauren,Larson,44,Male,82752.7092034591,IT,2022-04-16,False,7,3
ID_613,Mary,Cole,19,Male,96894.76232063951,HR,2022-05-22,False,9,1
ID_614,Luke,Brown,22,Male,84046.26667168995,HR,2022-04-06,True,8,4
ID_615,Marc,Nelson,46,Female,88965.99336728253,Finance,2022-10-23,False,6,4
ID_616,Lisa,Clark,54,Female,83242.46069730433,IT,2022-03-25,True,7,4
ID_617,Nicholas,Preston,55,Male,41774.77647034791,IT,2022-08-17,True,6,3
ID_618,Brandy,Martinez,36,Male,88350.18767520157,IT,2022-02-18,True,7,2
ID_619,Stephanie,Gregory,25,Male,43657.617401694704,Marketing,2022-10-25,False,6,2
ID_620,Paul,Wallace,62,Male,92482.7929630903,Finance,2022-12-25,True,9,2
ID_621,Bobby,Mcgee,18,Male,62105.49286567532,HR,2022-09-01,False,8,2
ID_622,Nicole,Richardson,39,Female,77388.372661772,Marketing,2022-07-12,True,6,2
ID_623,Nicholas,Williams,34,Female,64806.85935164504,Finance,2022-11-13,True,9,2
ID_624,Thomas,Schwartz,24,Male,36579.36505916214,Finance,2022-03-27,True,6,4
ID_625,Leah,Whitehead,42,Male,50350.561533446555,Marketing,2022-09-08,True,9,4
ID_626,Christian,Bailey,62,Female,98861.22977979042,Finance,2022-03-17,False,7,2
ID_627,Stephanie,Wilkins,21,Male,97250.03261688721,HR,2022-09-13,False,9,2
ID_628,John,Becker,53,Female,52434.08283588831,Marketing,2022-10-17,True,6,3
ID_629,Walter,Walker,23,Male,99740.77629716581,Finance,2022-03-13,False,8,3
ID_630,Christopher,Wagner,48,Female,89188.58368478296,IT,2022-06-06,False,7,5
ID_631,Karen,Green,36,Female,72767.16496025783,HR,2022-11-10,True,7,4
ID_632,Stephanie,Moreno,61,Female,32808.72341827067,HR,2022-04-16,False,9,2
ID_633,Charles,White,56,Female,93101.27806768657,Finance,2022-02-13,False,6,4
ID_634,Amy,Hodges,44,Male,69020.04954850237,IT,2022-10-06,True,9,5
ID_635,Kellie,Keller,27,Female,90793.33058419387,IT,2022-10-05,False,7,3
ID_636,Gerald,Roth,43,Female,88410.03839340196,Marketing,2022-06-07,False,8,5
ID_637,Raymond,Cooper,36,Male,88310.43506407602,Finance,2022-11-16,False,9,1
ID_638,Michele,Horn,56,Male,78872.17025004336,HR,2022-09-12,True,6,3
ID_639,Michael,Pruitt,20,Male,50399.0597073234,Marketing,2022-12-23,True,9,4
ID_640,Catherine,Jacobson,62,Female,53531.218042116394,Marketing,2022-04-26,True,9,3
ID_641,Christopher,Smith,30,Female,51592.84488078805,HR,2022-05-16,True,9,5
ID_642,William,Mendoza,45,Female,31403.21996727953,Marketing,2022-06-09,True,8,2
ID_643,Steven,Jones,37,Female,70779.82364503678,Marketing,2022-05-21,False,6,5
ID_644,Tracey,Kim,45,Male,78918.3569312223,Marketing,2022-07-16,True,6,5
ID_645,Frederick,Jones,25,Male,89770.61954676424,HR,2022-02-19,False,7,2
ID_646,Lisa,Robinson,58,Female,39811.58033679113,HR,2022-12-02,True,7,4
ID_647,Tracy,Gonzalez,56,Male,68092.82042837612,IT,2022-10-10,True,9,4
ID_648,Dean,Gates,18,Male,30560.5698471648,Marketing,2022-12-14,True,7,3
ID_649,Mary,Robertson,20,Male,36656.55533975107,IT,2022-02-19,True,6,5
ID_650,Anthony,Walton,30,Female,33794.82209441951,Finance,2022-06-05,False,9,3
ID_651,David,Gay,45,Female,80783.46238108409,Finance,2022-11-16,True,7,2
ID_652,Samantha,Holt,42,Female,35674.16947143222,Marketing,2022-05-02,False,8,1
ID_653,Thomas,Carroll,50,Female,80151.70870911531,HR,2022-02-12,True,7,4
ID_654,Kevin,Gates,55,Female,47473.72930874083,Marketing,2022-01-19,False,8,2
ID_655,Stephen,Harrington,23,Male,91439.90724878576,Finance,2022-12-28,False,7,4
ID_656,Lindsay,Francis,61,Male,86920.499185467,Finance,2022-11-16,True,6,3
ID_657,Alexander,Skinner,62,Male,97048.11522326936,IT,2022-07-27,True,7,1
ID_658,Keith,Gentry,49,Female,91863.34108206222,Finance,2022-05-07,True,8,5
ID_659,Leslie,Bailey,62,Male,95333.05933814432,Finance,2022-09-06,False,8,4
ID_660,Vanessa,Graves,64,Male,90111.96775593155,IT,2022-02-01,False,7,5
ID_661,Martin,Rodriguez,38,Female,78536.73304303989,Marketing,2022-01-26,True,9,3
ID_662,Krystal,Johnston,33,Female,41918.14064878052,Finance,2022-09-14,False,8,4
ID_663,Charles,Owens,38,Male,49019.526319786506,Finance,2022-06-06,False,6,3
ID_664,Elizabeth,Campbell,28,Female,44890.88762911911,IT,2022-04-12,False,7,5
ID_665,Matthew,Mahoney,54,Male,72251.00513607438,Finance,2022-02-10,False,8,3
ID_666,Travis,Jenkins,53,Male,65253.3956581521,IT,2022-03-03,False,7,3
ID_667,Jennifer,Robinson,52,Male,90695.59980108966,Marketing,2022-08-22,False,7,3
ID_668,John,Cook,36,Male,96687.1006549353,IT,2022-07-25,False,9,2
ID_669,Jennifer,Lee,37,Female,58340.192273270106,HR,2022-01-18,True,7,2
ID_670,Sandy,Harris,35,Female,65444.538729656866,HR,2022-09-21,False,7,4
ID_671,Holly,Wolf,64,Female,98006.14497628974,HR,2022-04-17,False,7,3
ID_672,Molly,Torres,58,Male,49336.725913620045,HR,2022-09-11,True,6,3
ID_673,Debra,Hughes,31,Male,85467.35427511696,HR,2022-09-20,False,7,3
ID_674,Michael,Scott,32,Female,45766.79316346724,Finance,2022-09-10,False,6,2
ID_675,Diane,Lee,48,Male,77702.20807976904,Finance,2022-01-21,False,7,5
ID_676,Courtney,Myers,18,Female,47753.093934699486,HR,2022-01-20,False,9,3
ID_677,Jimmy,Leon,20,Male,91861.33721819708,HR,2022-12-21,False,9,1
ID_678,Joseph,Campbell,33,Female,69303.45606156738,HR,2022-11-03,False,8,4
ID_679,Catherine,Larson,40,Female,43015.35486120692,IT,2022-02-06,True,7,2
ID_680,Christina,Gonzales,28,Male,45705.84229889402,IT,2022-11-03,True,9,5
ID_681,Stephen,Yates,29,Female,64569.44369956702,HR,2022-10-01,False,9,1
ID_682,Christina,Jackson,27,Male,97312.14179024151,HR,2022-11-13,False,7,3
ID_683,Jessica,Nguyen,49,Male,83874.9514718558,Finance,2022-05-18,True,8,2
ID_684,Jason,Clark,33,Female,64181.674997809154,Marketing,2022-02-15,True,6,3
ID_685,Lisa,Walter,25,Female,53640.3401193552,Marketing,2022-04-20,False,9,4
ID_686,Carlos,Zamora,55,Female,68448.79453439098,Finance,2022-04-07,False,9,2
ID_687,Kevin,Sellers,29,Male,82385.25834000338,Finance,2022-01-08,False,6,1
ID_688,Holly,King,41,Male,84875.001191696,HR,2022-12-13,True,9,5
ID_689,Donna,Carrillo,45,Male,52722.61586678613,HR,2022-10-16,True,6,5
ID_690,Edwin,Wolf,25,Female,80481.1487749714,Marketing,2022-09-10,False,6,4
ID_691,Heather,Rowe,45,Male,76045.21460253303,Finance,2022-06-20,False,8,5
ID_692,Steven,Fisher,53,Male,97137.86043974057,Marketing,2022-06-26,False,6,5
ID_693,Paul,Gardner,43,Female,95176.32033556103,Marketing,2022-07-06,False,6,4
ID_694,Carlos,Clark,25,Male,85256.55279225038,HR,2022-11-17,True,6,1
ID_695,Andrew,Morse,45,Male,80637.62821984499,Finance,2022-05-24,True,6,2
ID_696,Candace,Moody,45,Male,49182.91127929931,Marketing,2022-08-12,False,9,2
ID_697,Dwayne,House,54,Female,89217.56792689733,Marketing,2022-10-25,True,6,4
ID_698,Samantha,Rice,58,Male,59925.39925993563,HR,2022-04-10,False,9,3
ID_699,Linda,White,53,Female,49056.83797542313,HR,2022-06-07,True,7,4
ID_700,Natalie,Fleming,44,Female,56891.253056742375,HR,2022-05-27,True,7,4
ID_701,Luke,Cannon,34,Male,88515.48430115555,IT,2022-08-03,True,6,4
ID_702,Matthew,Holmes,26,Male,40404.32509045195,Finance,2022-08-15,True,8,4
ID_703,Jessica,Glenn,50,Female,61931.11187838757,HR,2022-05-01,True,8,5
ID_704,Jonathan,Cooper,37,Female,64465.031617064276,Marketing,2022-06-18,True,9,5
ID_705,Angela,Fleming,30,Male,32564.07883191736,Finance,2022-07-15,True,9,1
ID_706,Linda,Elliott,45,Female,43702.22206837157,IT,2022-09-03,False,7,4
ID_707,Crystal,Mills,46,Male,87871.97000030996,Finance,2022-10-14,False,9,2
ID_708,Mark,Hernandez,30,Male,88153.71720163323,Finance,2022-04-04,False,8,3
ID_709,Miranda,Rodgers,63,Female,50469.05587189736,HR,2022-04-03,True,7,5
ID_710,Richard,Jackson,52,Female,91242.80642185484,Marketing,2022-05-25,False,6,2
ID_711,Christina,Jones,23,Female,84024.80573478434,Marketing,2022-11-08,False,9,5
ID_712,Danny,Garrett,35,Male,59253.52386567866,Finance,2022-10-02,True,6,1
ID_713,Seth,Brown,22,Male,82388.44410835265,IT,2022-12-16,True,9,3
ID_714,Keith,Sutton,64,Male,97293.42418363644,Marketing,2022-09-28,True,8,5
ID_715,Jackie,Rodriguez,42,Female,62127.880264574414,Marketing,2022-10-18,True,9,3
ID_716,Richard,Johnson,19,Male,46689.902526743856,Marketing,2022-07-05,True,8,3
ID_717,Stephen,Clay,27,Female,95927.15500351091,HR,2022-07-21,True,8,2
ID_718,Sandra,Kennedy,47,Female,72262.10019942795,IT,2022-12-06,True,6,5
ID_719,Robin,Donovan,62,Female,37368.56137362977,Marketing,2022-08-01,False,9,3
ID_720,Debra,Smith,22,Female,70087.79710996826,Finance,2022-11-13,True,6,4
ID_721,Sheri,Obrien,50,Male,65040.66226138091,Marketing,2022-12-01,False,8,3
ID_722,Dylan,Stewart,18,Female,89891.22258528943,Finance,2022-05-15,True,8,3
ID_723,Jacob,Barker,35,Female,67148.6632834465,IT,2022-01-03,True,8,5
ID_724,Justin,Romero,49,Female,47866.270404099836,IT,2022-10-15,False,8,4
ID_725,Derek,Gonzalez,64,Male,77295.0844705422,IT,2022-09-14,True,7,3
ID_726,Timothy,Evans,28,Female,67980.28167749061,Finance,2022-07-28,False,8,5
ID_727,Jonathan,Harrison,38,Male,46313.12397868107,Marketing,2022-06-24,False,9,5
ID_728,Donna,Rios,43,Male,70153.95005600355,Marketing,2022-08-22,True,8,3
ID_729,Michael,Gilbert,42,Male,87507.49045227803,Finance,2022-04-20,False,7,1
ID_730,Sara,Simmons,39,Male,31999.96424068073,HR,2022-04-06,False,9,1
ID_731,Vanessa,West,44,Male,74159.57270515783,Finance,2022-01-28,True,7,2
ID_732,Karen,Huff,30,Female,54470.963704907444,IT,2022-02-06,True,7,1
ID_733,Angela,Curry,50,Male,50487.00120315969,HR,2022-11-17,False,9,1
ID_734,April,Robertson,51,Male,57481.142525277784,IT,2022-09-28,False,7,5
ID_735,Elizabeth,Day,58,Female,53941.586497358716,IT,2022-06-07,True,8,5
ID_736,Samantha,Evans,52,Female,88256.73746959091,IT,2022-12-17,True,6,3
ID_737,Ann,White,18,Female,49235.84675375304,Marketing,2022-08-28,False,6,3
ID_738,Michael,Bennett,38,Female,81320.71161746097,Finance,2022-12-12,False,6,5
ID_739,Gregory,Rowe,23,Male,36584.18741600121,HR,2022-12-28,True,9,3
ID_740,Jon,Lee,45,Female,96597.74607390909,Finance,2022-05-05,True,9,5
ID_741,Lindsey,Robbins,34,Male,73562.16460739862,HR,2022-06-07,False,9,1
ID_742,Zachary,Lloyd,22,Female,79470.3003931192,Finance,2022-07-21,False,6,3
ID_743,Mitchell,Espinoza,48,Male,50862.753246611566,Finance,2022-01-27,False,6,1
ID_744,Carol,Perez,22,Male,58846.75980956802,IT,2022-09-22,True,9,2
ID_745,Shane,Murray,55,Male,45664.487038968335,Finance,2022-09-27,True,6,3
ID_746,Rebecca,Juarez,20,Female,95277.52600615568,Finance,2022-04-02,False,7,5
ID_747,Alexandra,Delgado,40,Male,64167.311297096436,IT,2022-03-12,True,7,5
ID_748,Jay,Clayton,54,Female,74131.3680960593,Marketing,2022-04-10,False,6,2
ID_749,Laura,Owen,54,Male,81399.04213715007,Finance,2022-12-24,True,9,5
ID_750,Tyrone,Lutz,27,Female,55977.42637696773,Finance,2022-03-08,False,8,1
ID_751,Allison,Keith,27,Male,80407.11581773989,IT,2022-06-04,True,8,5
ID_752,Todd,Herrera,36,Female,77319.47428294382,IT,2022-07-14,False,6,2
ID_753,Bruce,Wilson,34,Male,79396.15337117626,Marketing,2022-11-13,False,8,4
ID_754,Cathy,Gilmore,38,Female,64246.0930143229,Marketing,2022-05-05,False,9,4
ID_755,Sarah,Sandoval,31,Male,56805.6167604132,Marketing,2022-09-03,False,7,1
ID_756,Robert,Hartman,26,Male,45545.75317462929,Marketing,2022-10-15,False,7,4
ID_757,Phillip,Simon,63,Female,87723.8446960625,Finance,2022-04-21,False,9,5
ID_758,Robert,Pierce,18,Female,72584.5032572175,Marketing,2022-01-23,True,8,2
ID_759,Gary,Austin,62,Male,61104.65372682465,IT,2022-08-06,True,6,1
ID_760,Bradley,Davis,30,Male,96079.7134697428,IT,2022-09-03,False,7,4
ID_761,John,Alvarez,21,Female,33348.71687549272,Marketing,2022-02-05,False,8,5
ID_762,Jeremy,Wood,18,Female,89512.03616435334,Finance,2022-09-27,False,8,5
ID_763,Emily,Flynn,57,Male,99830.78150621807,Marketing,2022-01-17,True,7,3
ID_764,Danielle,Patel,49,Female,92085.94776180072,IT,2022-10-03,False,7,3
ID_765,Bryan,Henderson,51,Female,86730.56099309376,IT,2022-10-19,False,6,2
ID_766,Anthony,Vega,45,Female,56201.41953844273,IT,2022-05-20,False,9,1
ID_767,Katie,Johnson,48,Female,46191.992758360546,Finance,2022-06-12,False,8,4
ID_768,Travis,Lambert,25,Female,81439.53643497208,Marketing,2022-08-08,True,6,4
ID_769,Sara,Burns,56,Male,51320.27564019979,IT,2022-11-20,False,7,5
ID_770,Tristan,Jordan,43,Male,42322.77775084795,IT,2022-01-16,False,9,4
ID_771,Jon,Gomez,51,Female,85056.81209725139,Marketing,2022-07-06,False,9,2
ID_772,Michael,Herrera,20,Female,51878.055656570556,IT,2022-05-04,True,8,3
ID_773,Joshua,Cummings,29,Female,94010.92106411369,Finance,2022-06-08,True,9,5
ID_774,Bradley,Smith,18,Male,88844.28513733877,HR,2022-06-19,True,7,1
ID_775,Jason,Burke,61,Female,89334.82306564786,Marketing,2022-09-03,False,7,5
ID_776,Peter,Lopez,22,Male,84009.88082390784,IT,2022-04-13,False,7,4
ID_777,William,Mitchell,47,Female,91661.69966423156,Finance,2022-05-27,True,6,2
ID_778,Karen,Brown,47,Female,86402.28245246841,Finance,2022-02-11,False,7,1
ID_779,Cynthia,Lara,34,Female,72175.795450231,Marketing,2022-10-15,True,6,5
ID_780,Danielle,Miller,64,Female,50707.59030073042,Marketing,2022-11-10,True,7,4
ID_781,Patrick,Garcia,40,Male,92174.64352499043,IT,2022-02-06,True,7,5
ID_782,Gregory,Kramer,32,Female,88842.25359412344,HR,2022-02-10,True,9,1
ID_783,Shelby,Chavez,54,Male,63101.552554738155,Finance,2022-01-08,False,8,4
ID_784,Robert,Fletcher,38,Female,32735.508020136862,IT,2022-10-16,False,7,3
ID_785,Catherine,Henderson,31,Male,74698.06091813394,Finance,2022-10-13,True,9,1
ID_786,Lucas,Prince,19,Female,33541.779757360724,HR,2022-01-10,False,9,3
ID_787,Timothy,Gonzalez,28,Female,94839.5973293885,IT,2022-06-12,False,8,3
ID_788,Robert,Zamora,56,Male,97314.18796377149,Marketing,2022-01-24,True,9,4
ID_789,Jeffery,Miller,55,Male,43264.3102129723,IT,2022-05-19,True,9,5
ID_790,Nicholas,Smith,51,Male,77347.25646384369,IT,2022-05-15,True,8,5
ID_791,Francisco,Hood,55,Female,36458.8303193934,HR,2022-01-01,True,6,2
ID_792,Lee,Sullivan,51,Male,81066.18500011854,Finance,2022-12-14,False,8,1
ID_793,Matthew,Fletcher,35,Male,54310.13663068722,Marketing,2022-04-25,True,8,1
ID_794,Bobby,Garcia,47,Male,77673.50782113118,Marketing,2022-09-17,False,7,4
ID_795,Sheena,Valenzuela,32,Female,56101.35564415245,Marketing,2022-03-13,True,7,4
ID_796,Kelly,Faulkner,44,Female,40189.7256883265,IT,2022-12-16,False,6,2
ID_797,Suzanne,Rogers,51,Female,58427.698635179055,Finance,2022-04-18,False,8,2
ID_798,William,Richmond,55,Male,37887.1468644353,IT,2022-07-03,False,8,3
ID_799,Justin,Pace,50,Female,70381.8292483862,IT,2022-01-01,False,6,2
ID_800,Christopher,Franklin,41,Female,32866.60725046358,Finance,2022-03-22,True,7,5
ID_801,Jennifer,Lawrence,32,Female,66912.37757199019,Finance,2022-04-17,True,8,3
ID_802,Stephanie,Atkins,47,Female,92045.80529668786,Finance,2022-07-02,True,6,2
ID_803,Jill,Johnson,59,Male,88651.1289083554,IT,2022-12-05,True,7,5
ID_804,James,Navarro,34,Female,91794.71897385477,Marketing,2022-08-23,False,9,5
ID_805,Anthony,Flores,22,Female,94543.41614889751,Finance,2022-11-28,True,6,3
ID_806,Zoe,King,46,Female,37316.952151298596,HR,2022-08-13,True,6,3
ID_807,Kristi,Newman,21,Male,39012.304201299914,IT,2022-10-14,False,8,5
ID_808,Terri,Lawson,27,Male,68990.476441919,Finance,2022-11-06,True,9,4
ID_809,Christian,Wilson,34,Male,92578.08678971004,Marketing,2022-07-25,True,7,3
ID_810,Philip,Coleman,27,Female,98204.46195668215,IT,2022-06-25,True,9,1
ID_811,April,Baker,34,Male,33238.3342138,IT,2022-12-18,True,8,4
ID_812,Jason,Brown,37,Male,54904.18589404621,Finance,2022-02-14,False,8,1
ID_813,Jason,Sanders,41,Female,44902.59782619954,IT,2022-02-22,True,7,2
ID_814,Ashley,Gonzalez,22,Male,82917.60942518737,Finance,2022-02-03,False,7,3
ID_815,Morgan,Hopkins,51,Male,74813.57079759224,HR,2022-08-08,True,7,3
ID_816,Eric,Abbott,23,Female,38392.16220386918,IT,2022-11-12,True,8,5
ID_817,Kelly,Cameron,19,Female,63846.54471554801,Marketing,2022-04-09,False,7,3
ID_818,Lisa,Mclaughlin,30,Male,77980.8365659904,Finance,2022-08-17,True,7,1
ID_819,Andrew,Nichols,60,Female,84530.37757468264,HR,2022-08-16,True,7,4
ID_820,Michael,Mueller,60,Female,31403.689684880595,IT,2022-01-15,False,6,2
ID_821,Lindsey,Middleton,28,Male,92332.87017887228,Finance,2022-04-26,True,7,4
ID_822,Keith,Francis,64,Female,69849.69680653671,Finance,2022-06-07,True,8,1
ID_823,Melanie,Herring,40,Female,86833.63804719332,HR,2022-10-04,True,6,2
ID_824,Todd,Stone,33,Female,86555.66210099985,HR,2022-08-24,True,8,5
ID_825,Mark,Robinson,48,Male,43289.686218967836,IT,2022-09-14,False,9,3
ID_826,Christopher,Jones,28,Male,37712.04841775432,IT,2022-06-20,False,6,3
ID_827,Mark,Fletcher,33,Female,80490.10882816787,IT,2022-02-15,True,7,5
ID_828,Casey,Perez,25,Male,40949.88431751334,Marketing,2022-07-26,False,6,1
ID_829,Peter,Padilla,21,Male,89495.62439833066,IT,2022-03-27,False,8,5
ID_830,Jessica,Luna,57,Female,80833.26387034735,IT,2022-12-19,True,6,1
ID_831,Ryan,Pierce,21,Male,88927.77550556838,Finance,2022-03-20,True,9,2
ID_832,Darrell,Alvarado,42,Female,50930.887572654225,Finance,2022-02-21,False,7,4
ID_833,Denise,Williamson,20,Male,52161.86422873983,HR,2022-03-10,False,7,4
ID_834,Karen,Paul,49,Male,76985.50894424223,Marketing,2022-05-12,True,9,5
ID_835,Brianna,Brady,20,Female,32201.216854126327,Finance,2022-07-09,True,8,3
ID_836,Kirsten,Zhang,44,Male,80854.77224361958,Marketing,2022-02-25,False,6,5
ID_837,Samuel,Thompson,46,Male,88504.81495982208,Marketing,2022-10-06,False,8,3
ID_838,Bruce,Moreno,49,Female,59061.45106228728,HR,2022-12-06,False,8,5
ID_839,Erik,Jones,36,Female,83541.51810619282,HR,2022-11-03,True,8,5
ID_840,Judy,Mejia,38,Male,42222.76418875834,Marketing,2022-10-09,False,7,4
ID_841,Tyler,Rojas,22,Female,52558.22756736392,IT,2022-04-05,False,6,3
ID_842,Zoe,Cox,35,Female,98201.34741773341,Finance,2022-03-05,True,7,4
ID_843,Bradley,Patel,45,Female,99042.97214920884,HR,2022-08-08,False,7,3
ID_844,Paul,Bell,59,Male,65882.35371151115,HR,2022-08-22,True,7,2
ID_845,Stephen,Boyle,39,Male,95398.88540247138,Marketing,2022-01-11,False,6,2
ID_846,Brandy,Stevens,38,Female,66591.14746397981,HR,2022-10-16,False,9,2
ID_847,Ann,Johnson,23,Female,50411.16897128101,HR,2022-12-06,False,7,1
ID_848,Christian,Joseph,18,Female,48682.95016691403,Finance,2022-12-11,True,7,4
ID_849,Sharon,Matthews,22,Female,95065.39937577042,HR,2022-10-23,False,7,4
ID_850,Diana,Murray,58,Male,42071.247228170134,IT,2022-09-28,True,6,2
ID_851,Barry,Gonzalez,29,Male,70574.27207412728,Finance,2022-08-27,False,6,5
ID_852,Sheila,Terry,43,Female,68886.75476439038,IT,2022-12-24,True,8,4
ID_853,Kathryn,Thompson,63,Female,81773.51792570965,HR,2022-07-18,False,7,3
ID_854,Lisa,Harvey,51,Male,64947.00352673423,HR,2022-01-15,False,7,4
ID_855,Dennis,Hansen,31,Male,49059.99624956939,IT,2022-02-22,False,6,4
ID_856,Elizabeth,Allen,43,Male,41857.7549742105,Marketing,2022-02-10,True,6,3
ID_857,Todd,Jensen,62,Male,73457.31624541242,HR,2022-04-15,True,7,2
ID_858,Ronald,Harris,44,Female,80329.35297972632,HR,2022-10-19,True,9,2
ID_859,Melissa,Goodman,26,Female,69866.48950774228,IT,2022-06-28,False,8,3
ID_860,Jackie,Jacobs,43,Male,81684.58939848363,IT,2022-12-13,True,8,4
ID_861,Ralph,Adams,64,Female,39906.48417149721,Marketing,2022-08-11,False,7,4
ID_862,Toni,Hansen,39,Female,91772.91364601949,Marketing,2022-06-02,True,8,2
ID_863,Gerald,Anderson,64,Male,70767.68558859522,HR,2022-05-27,False,8,1
ID_864,Michael,Mann,47,Male,38879.0748824818,Finance,2022-06-25,False,7,2
ID_865,John,Ray,60,Female,62334.76429440145,IT,2022-06-26,False,8,3
ID_866,David,Clark,34,Male,89135.4216506138,IT,2022-05-01,False,6,1
ID_867,Nicole,Sherman,43,Female,92829.35354172121,Finance,2022-10-05,True,7,1
ID_868,Tony,Green,53,Male,48525.465349913306,HR,2022-05-22,False,6,3
ID_869,Kimberly,Green,18,Female,79788.60772973171,Marketing,2022-07-13,False,7,5
ID_870,Sandra,Johnson,25,Male,36998.967323864366,Finance,2022-04-23,False,6,2
ID_871,Vincent,Martin,52,Male,32348.210998851046,Finance,2022-05-06,True,8,4
ID_872,Michael,Shea,32,Female,69227.92676739598,Finance,2022-04-12,False,9,2
ID_873,Laura,Murphy,64,Female,78637.93055296881,Marketing,2022-08-09,True,6,3
ID_874,Stephen,Walker,39,Male,85705.07118235514,Finance,2022-02-28,True,6,4
ID_875,Darrell,Richards,31,Male,53815.13669187343,Finance,2022-11-20,False,9,5
ID_876,Kenneth,Harper,43,Male,30456.778730022088,IT,2022-11-24,False,9,3
ID_877,James,Mcguire,45,Female,63566.34659779476,Marketing,2022-08-15,False,6,2
ID_878,Jesse,Franklin,40,Male,31109.74817614969,Finance,2022-09-03,True,6,1
ID_879,Anna,Sparks,31,Female,36438.915746955994,Marketing,2022-01-25,True,6,3
ID_880,Amber,Hoffman,41,Female,52868.23157722238,Marketing,2022-01-03,True,7,3
ID_881,Brianna,Dominguez,19,Female,60602.0434692124,IT,2022-03-09,True,6,2
ID_882,Samantha,Morrison,62,Female,49562.8608860754,Finance,2022-01-23,True,6,5
ID_883,Julian,Walker,43,Male,70730.56865532955,HR,2022-02-23,True,9,2
ID_884,Joshua,Morris,31,Female,33874.48524526666,Marketing,2022-01-26,True,9,2
ID_885,Ashley,Byrd,24,Male,40120.57971677093,Marketing,2022-10-08,False,7,5
ID_886,Peter,Vang,20,Male,78668.08805288034,HR,2022-10-26,False,7,5
ID_887,Kenneth,Mckenzie,64,Female,39949.85975185424,HR,2022-02-19,False,8,3
ID_888,Matthew,Gill,40,Male,74784.26410992957,Finance,2022-08-19,False,6,1
ID_889,Bonnie,Perez,63,Male,33827.92345273559,Marketing,2022-01-16,True,6,2
ID_890,Mark,Peterson,60,Female,58516.75953833983,HR,2022-09-24,True,9,1
ID_891,Theodore,Johnson,64,Female,42418.662908482765,HR,2022-04-24,True,8,5
ID_892,Mary,Monroe,62,Male,37674.53977746305,Finance,2022-05-03,True,6,5
ID_893,Randy,Conway,35,Female,69692.29484508593,Marketing,2022-01-10,False,8,2
ID_894,April,Taylor,55,Female,94983.50404039353,HR,2022-05-11,True,7,3
ID_895,Kimberly,Mendoza,52,Female,33835.093354648416,Finance,2022-06-04,True,6,2
ID_896,Peter,Moore,32,Male,59508.797375262395,Marketing,2022-07-19,True,6,3
ID_897,John,Hebert,42,Female,79527.48064218106,Finance,2022-07-14,False,7,4
ID_898,Carolyn,Garcia,54,Male,62388.14821814789,Finance,2022-01-23,False,6,3
ID_899,John,Jimenez,45,Female,86454.71622736717,Marketing,2022-01-13,False,7,2
ID_900,Joseph,Marshall,27,Male,42575.17211048922,IT,2022-11-01,False,7,2
ID_901,Krystal,Young,56,Male,97171.59435194184,IT,2022-02-18,False,8,3
ID_902,Cameron,Davis,34,Male,56961.38394407784,Finance,2022-04-13,True,9,1
ID_903,Elizabeth,Fuller,56,Female,53909.87430609926,Marketing,2022-01-04,True,9,3
ID_904,Ricky,Patton,39,Female,91222.40561522162,Finance,2022-02-04,True,7,4
ID_905,Jamie,Vega,43,Female,69470.69223242367,Marketing,2022-04-25,False,8,4
ID_906,Christopher,Steele,61,Female,66151.1039331975,HR,2022-09-17,True,7,1
ID_907,Molly,Norman,42,Female,80888.45436699016,Marketing,2022-05-23,False,8,4
ID_908,Rebecca,Kim,34,Male,70588.39667967633,IT,2022-04-28,False,8,2
ID_909,Tanya,Johnson,30,Female,41376.095132998074,Marketing,2022-05-02,False,9,1
ID_910,Carol,Best,37,Male,77193.83360054507,Finance,2022-03-23,True,9,1
ID_911,Kevin,Vasquez,42,Female,39342.821549748995,HR,2022-10-15,True,8,1
ID_912,Joseph,Thomas,21,Male,86410.03937338434,Finance,2022-07-04,True,9,3
ID_913,David,Walker,27,Female,99281.56183985897,Finance,2022-12-01,True,8,3
ID_914,Rebecca,Fletcher,20,Male,56417.13374823434,IT,2022-01-04,True,6,1
ID_915,Austin,Wagner,58,Male,61132.91287414088,Finance,2022-04-22,False,7,4
ID_916,Sherry,Wilson,62,Female,33250.35588379686,Finance,2022-07-25,False,9,2
ID_917,Jeremy,Thomas,35,Female,30961.32316578048,IT,2022-09-26,True,7,2
ID_918,Denise,Jones,64,Female,94499.35344134294,IT,2022-12-28,False,9,3
ID_919,Jamie,Robles,53,Male,39003.68423074344,IT,2022-05-10,False,7,5
ID_920,Nicole,Smith,64,Male,61204.51232916293,IT,2022-11-19,True,7,1
ID_921,Victoria,Romero,39,Male,87074.8236698893,Finance,2022-03-15,True,9,5
ID_922,Christopher,Garner,51,Male,92252.31319498236,IT,2022-06-17,True,9,2
ID_923,Michele,Carroll,64,Female,66357.83796984275,IT,2022-07-03,False,9,3
ID_924,Betty,Romero,25,Female,69552.27674831648,IT,2022-05-16,True,9,3
ID_925,Amy,Pham,57,Female,76877.87807242907,HR,2022-07-07,True,8,3
ID_926,James,Hartman,61,Female,97296.77291006007,Marketing,2022-09-01,False,9,3
ID_927,Karen,Burns,36,Female,72186.89726611535,HR,2022-03-25,False,9,3
ID_928,John,Guzman,59,Male,69163.26816194423,Marketing,2022-08-18,False,9,1
ID_929,Joseph,Schneider,58,Male,31017.38946861935,Finance,2022-08-24,False,6,5
ID_930,Amanda,Chen,54,Female,35666.47914156492,Marketing,2022-02-24,True,7,2
ID_931,Jason,Stewart,23,Female,70402.01386367973,HR,2022-03-07,True,9,2
ID_932,Lisa,Rodriguez,43,Female,95536.82714650422,Finance,2022-09-20,True,9,3
ID_933,Franklin,Davis,51,Female,90668.39438795764,IT,2022-11-06,True,7,3
ID_934,Scott,Goodwin,62,Female,98780.52460945433,Marketing,2022-09-27,True,7,3
ID_935,Kendra,Gonzalez,23,Female,66948.38262928918,IT,2022-11-05,False,8,4
ID_936,Allen,Davis,54,Male,85155.16569064368,Marketing,2022-12-01,True,7,2
ID_937,Wayne,Morris,50,Female,88828.02320425384,Finance,2022-03-11,False,7,3
ID_938,Heather,Moran,39,Female,75362.21601316033,HR,2022-09-16,False,6,5
ID_939,Angela,Mclaughlin,38,Female,53712.493295015505,HR,2022-03-11,True,8,4
ID_940,Tamara,Richardson,23,Female,62898.49042604561,Marketing,2022-11-10,False,6,1
ID_941,Bobby,Johnson,23,Female,90054.19505704974,Finance,2022-02-20,True,7,4
ID_942,Charles,Reed,21,Male,50898.354818751475,Marketing,2022-05-23,False,9,4
ID_943,Ashley,Bowman,47,Female,94662.0191886654,Finance,2022-07-25,True,8,4
ID_944,Miguel,Warren,28,Female,46086.44389958656,Marketing,2022-08-13,True,7,5
ID_945,Jamie,Bender,47,Male,82466.14906097465,HR,2022-02-12,True,7,2
ID_946,Holly,Mcclure,48,Male,74139.14640420169,IT,2022-08-08,False,9,3
ID_947,Tracy,Davis,41,Female,82471.96087845336,HR,2022-05-19,True,9,5
ID_948,James,Roberts,26,Male,60614.330070281634,Finance,2022-09-28,False,9,5
ID_949,Tracy,Baker,20,Female,95284.87437877891,IT,2022-07-01,False,8,3
ID_950,Hailey,Cruz,48,Male,74273.05416880341,Marketing,2022-08-10,True,6,4
ID_951,Amanda,Dixon,57,Female,50180.70631879794,IT,2022-05-22,True,8,1
ID_952,Peter,Hernandez,54,Female,74691.85494565006,Finance,2022-09-10,False,9,4
ID_953,Charles,Alexander,53,Female,50077.10230449218,HR,2022-08-11,False,8,4
ID_954,Tina,Dyer,41,Female,50554.267423191195,IT,2022-03-21,False,9,2
ID_955,Timothy,Ross,48,Female,57971.89581346075,Finance,2022-04-17,False,6,4
ID_956,Doris,Cooper,23,Male,89670.12922983832,Marketing,2022-05-26,False,8,1
ID_957,Andrea,Arroyo,19,Female,65020.851207579435,Finance,2022-07-17,False,6,5
ID_958,John,Clark,37,Female,77523.05895611452,Marketing,2022-04-22,False,6,4
ID_959,Jennifer,Calderon,45,Male,57437.74181921241,HR,2022-11-12,True,9,5
ID_960,Randy,Griffith,28,Male,48452.380786481706,Finance,2022-09-27,False,8,2
ID_961,Allen,Mcdaniel,21,Female,96824.81125013619,IT,2022-08-02,False,8,1
ID_962,Michael,Martinez,32,Male,72250.68729861439,Marketing,2022-11-19,False,6,3
ID_963,Joy,Reeves,23,Male,95376.59370079028,Marketing,2022-10-05,True,9,3
ID_964,Jeffrey,Simmons,47,Male,44238.910153882054,IT,2022-11-23,False,6,2
ID_965,Kara,Horn,55,Female,40282.5914739053,IT,2022-03-28,False,6,1
ID_966,Allison,Gallegos,19,Male,89907.60349867326,HR,2022-07-21,True,6,5
ID_967,Brittney,Anderson,32,Male,77664.2048832076,Marketing,2022-10-22,True,6,2
ID_968,Donna,Brown,28,Male,43060.494947754894,IT,2022-06-11,True,8,4
ID_969,Donald,White,25,Female,48855.17904644764,HR,2022-11-14,False,7,5
ID_970,Karen,Webb,43,Male,86046.47590677178,IT,2022-12-04,False,8,4
ID_971,Gary,Meyer,62,Male,61770.80339971553,IT,2022-12-08,True,9,4
ID_972,Mary,Gonzales,61,Male,76937.83545542636,Marketing,2022-09-02,False,7,5
ID_973,Clayton,Martinez,22,Male,52284.64154952076,Finance,2022-09-11,False,6,4
ID_974,Andrea,Schmitt,23,Male,56686.096694241365,HR,2022-12-20,False,8,3
ID_975,Ashley,Silva,43,Female,99349.87910361735,Marketing,2022-06-07,True,7,5
ID_976,Christopher,Bates,21,Male,47333.1961022303,Finance,2022-04-24,False,6,2
ID_977,James,Gutierrez,36,Female,65451.94639255598,HR,2022-10-24,False,8,3
ID_978,Patrick,Higgins,37,Female,89108.16402333725,HR,2022-01-24,False,7,2
ID_979,Melissa,Lawson,50,Female,46745.62495661006,Finance,2022-10-12,True,8,1
ID_980,Brandon,Cook,37,Female,59064.96296790315,Marketing,2022-03-05,False,7,2
ID_981,Daniel,Miles,29,Female,73056.39011589918,Finance,2022-10-08,False,9,5
ID_982,Kara,Bowman,64,Female,63683.170603257175,Marketing,2022-11-22,True,8,2
ID_983,Bobby,Bates,18,Female,62165.15865992222,Finance,2022-04-15,True,8,1
ID_984,Jeffery,Quinn,43,Male,55375.681192548655,HR,2022-04-12,True,7,4
ID_985,Hannah,Russell,31,Female,71065.24294424476,Finance,2022-04-22,True,9,5
ID_986,Melissa,Ramirez,55,Female,73706.08885465271,IT,2022-07-21,False,8,3
ID_987,Adam,Huffman,54,Female,75730.26786309539,IT,2022-10-24,False,9,3
ID_988,Travis,Howard,28,Female,34925.767553422054,IT,2022-07-08,False,9,2
ID_989,Patrick,Jones,53,Male,74172.39229984343,IT,2022-04-08,False,8,3
ID_990,Nathan,Watson,30,Female,96726.6025146863,HR,2022-06-03,True,6,1
ID_991,Gary,Brown,60,Male,67869.03648696587,HR,2022-08-23,True,7,3
ID_992,Paul,Kennedy,20,Female,80068.6957756471,Marketing,2022-10-05,False,8,2
ID_993,Amanda,Williams,50,Female,68971.26154314524,Finance,2022-11-04,True,9,3
ID_994,Jennifer,Lynch,23,Female,89831.84330143851,Finance,2022-01-26,True,7,4
ID_995,Samantha,Gross,27,Male,95070.81662182983,IT,2022-03-18,True,8,4
ID_996,Zachary,Bautista,22,Female,42895.392950745154,Marketing,2022-08-24,False,7,3
ID_997,Ronald,Gordon,40,Male,60580.20255899886,HR,2022-12-21,False,7,5
ID_998,Virginia,Mathis,27,Female,57466.74706529049,Marketing,2022-05-16,False,9,3
ID_999,Michele,Ryan,61,Male,58365.05863094951,Finance,2022-11-04,True,6,4
